dataset,shot,seed,qnn_label,class_id,class_name,precision_baseline,recall_baseline,f1_baseline,support,accuracy_baseline,precision_qnn,recall_qnn,f1_qnn,accuracy_qnn,delta_precision,delta_recall,delta_f1,delta_accuracy,support_weighted_delta_f1,support_weighted_delta_recall
salinas,10,0,ConfidenceGuard-C + SupCon,0,Brocoli_green_weeds_1,0.9974924774322969,1.0,0.9987446648255084,1989,1.0,0.9984939759036144,1.0,0.9992464204973625,1.0,0.0010014984713175856,0.0,0.000501755671854065,0.0,0.9979920313177353,0.0
salinas,10,0,ConfidenceGuard-C + SupCon,1,Brocoli_green_weeds_2,1.0,1.0,1.0,3706,1.0,1.0,1.0,1.0,1.0,0.0,0.0,0.0,0.0,0.0,0.0
salinas,10,0,ConfidenceGuard-C + SupCon,2,Fallow,0.985383064516129,0.9994887525562371,0.9923857868020304,1956,0.9994887525562371,0.9888776541961576,1.0,0.9944077275038128,1.0,0.0034945896800285814,0.0005112474437628522,0.00202194070178241,0.0005112474437628522,3.9549160126863936,1.000000000000139
salinas,10,0,ConfidenceGuard-C + SupCon,3,Fallow_rough_plow,0.6946992864424058,0.9919941775836972,0.8171462829736211,1374,0.9919941775836972,0.9612948627726952,0.9941775836972344,0.9774597495527728,0.9941775836972344,0.2665955763302894,0.0021834061135371785,0.1603134665791517,0.0021834061135371785,220.2707030797544,3.0000000000000835
salinas,10,0,ConfidenceGuard-C + SupCon,4,Fallow_smooth,0.9879786286731967,0.8348382242287434,0.9049755301794452,2658,0.8348382242287434,0.9898572501878288,0.991346877351392,0.9906015037593984,0.991346877351392,0.0018786215146320284,0.1565086531226486,0.08562597357995316,0.1565086531226486,227.5938377755155,416.0
salinas,10,0,ConfidenceGuard-C + SupCon,5,Stubble,0.9105409153952844,1.0,0.9531760435571688,3939,1.0,0.9992387718853084,0.9997461284589998,0.999492385786802,0.9997461284589998,0.08869785649002404,-0.0002538715410002057,0.04631634222963321,-0.0002538715410002057,182.44007204252523,-0.9999999999998103
salinas,10,0,ConfidenceGuard-C + SupCon,6,Celery,1.0,0.8870469232930599,0.9401429422275164,3559,0.8870469232930599,0.999718864211414,0.9991570665917392,0.9994378864530636,0.9991570665917392,-0.00028113578858601773,0.1121101432986793,0.059294944225547264,0.1121101432986793,211.0307064987227,398.9999999999996
salinas,10,0,ConfidenceGuard-C + SupCon,7,Grapes_untrained,0.9197166469893744,0.7616211892276242,0.8332360949047063,11251,0.7616211892276242,0.68996138996139,0.635321304772909,0.6615149692286336,0.635321304772909,-0.22975525702798438,-0.12629988445471518,-0.17172112567607267,-0.12629988445471518,-1932.0343849814935,-1421.0000000000005
salinas,10,0,ConfidenceGuard-C + SupCon,8,Soil_vinyard_develop,0.9930934789592032,1.0,0.9965347731485212,6183,1.0,0.9934125964010284,1.0,0.9966954138792616,1.0,0.00031911744182522295,0.0,0.0001606407307404023,0.0,0.9932416381679074,0.0
salinas,10,0,ConfidenceGuard-C + SupCon,9,Corn_senesced_green_weeds,0.9960732984293194,0.9343155310006138,0.9642065251821348,3258,0.9343155310006138,0.9913015463917526,0.9444444444444444,0.9673058786545112,0.9444444444444444,-0.0047717520375667455,0.0101289134438306,0.0030993534723764427,0.0101289134438306,10.09769361300245,33.0000000000001
salinas,10,0,ConfidenceGuard-C + SupCon,10,Lettuce_romaine_4wk,0.9605866177818516,1.0,0.9798971482000935,1048,1.0,0.9640552995391704,0.9980916030534353,0.9807782466010314,0.9980916030534353,0.0034686817573187367,-0.00190839694656475,0.0008810984009378631,-0.00190839694656475,0.9233911241828805,-1.999999999999858
salinas,10,0,ConfidenceGuard-C + SupCon,11,Lettuce_romaine_5wk,1.0,0.995280545359203,0.997634691195795,1907,0.995280545359203,1.0,1.0,1.0,1.0,0.0,0.004719454640797038,0.0023653088042050463,0.004719454640797038,4.510643889619024,8.999999999999952
salinas,10,0,ConfidenceGuard-C + SupCon,12,Lettuce_romaine_6wk,1.0,0.8705357142857143,0.9307875894988068,896,0.8705357142857143,0.9657458563535912,0.9754464285714286,0.9705719044975014,0.9754464285714286,-0.034254143646408775,0.1049107142857143,0.039784314998694614,0.1049107142857143,35.646746238830374,94.00000000000001
salinas,10,0,ConfidenceGuard-C + SupCon,13,Lettuce_romaine_7wk,0.8209538702111024,1.0,0.90167453842851,1050,1.0,0.9099821746880572,0.9723809523809523,0.940147329650092,0.9723809523809523,0.08902830447695476,-0.027619047619047654,0.03847279122158198,-0.027619047619047654,40.39643078266108,-29.000000000000036
salinas,10,0,ConfidenceGuard-C + SupCon,14,Vinyard_untrained,0.7061111111111111,0.8767935982339956,0.7822501230920729,7248,0.8767935982339956,0.4944154877140729,0.5496688741721855,0.5205801646413172,0.5496688741721855,-0.21169562339703824,-0.32712472406181015,-0.2616699584507557,-0.32712472406181015,-1896.5838588510771,-2371.0
salinas,10,0,ConfidenceGuard-C + SupCon,15,Vinyard_vertical_trellis,1.0,1.0,1.0,1787,1.0,1.0,1.0,1.0,1.0,0.0,0.0,0.0,0.0,0.0,0.0
salinas,10,1,ConfidenceGuard-C + SupCon,0,Brocoli_green_weeds_1,0.999497487437186,1.0,0.9997486805730084,1989,1.0,1.0,0.9984917043740572,0.999245283018868,0.9984917043740572,0.0005025125628139726,-0.0015082956259427904,-0.0005033975541404168,-0.0015082956259427904,-1.001257735185289,-3.00000000000021
salinas,10,1,ConfidenceGuard-C + SupCon,1,Brocoli_green_weeds_2,1.0,0.999190501888829,0.9995950870562827,3706,0.999190501888829,0.9991911566459962,1.0,0.9995954146999324,1.0,-0.0008088433540037743,0.0008094981111710364,3.276436496557622e-07,0.0008094981111710364,0.0012142473656242547,2.999999999999861
salinas,10,1,ConfidenceGuard-C + SupCon,2,Fallow,0.990379746835443,1.0,0.995166624268634,1956,1.0,0.9954198473282444,1.0,0.9977046671767408,1.0,0.005040100492801347,0.0,0.0025380429081067746,0.0,4.964411928256851,0.0
salinas,10,1,ConfidenceGuard-C + SupCon,3,Fallow_rough_plow,0.8914174252275683,0.9978165938864628,0.9416208791208792,1374,0.9978165938864628,0.8841698841698842,1.0,0.9385245901639344,1.0,-0.007247541057684104,0.0021834061135371785,-0.0030962889569448038,0.0021834061135371785,-4.25430102684216,3.0000000000000835
salinas,10,1,ConfidenceGuard-C + SupCon,4,Fallow_smooth,0.9969207082371054,0.9744168547780286,0.9855403348554034,2658,0.9744168547780286,0.9980322707595436,0.9541008276899924,0.975572225427967,0.9541008276899924,0.0011115625224381587,-0.02031602708803626,-0.009968109427436422,-0.02031602708803626,-26.49523485812601,-54.00000000000038
salinas,10,1,ConfidenceGuard-C + SupCon,5,Stubble,0.9994918699186992,0.9987306422949987,0.9991111111111112,3939,0.9987306422949987,0.9997458703939008,0.9987306422949987,0.9992379984759968,0.9987306422949987,0.00025400047520163227,0.0,0.00012688736488564167,0.0,0.49980933028454255,0.0
salinas,10,1,ConfidenceGuard-C + SupCon,6,Celery,1.0,0.9949423995504356,0.9974647887323944,3559,0.9949423995504356,1.0,0.9988760887889856,0.9994377284228282,0.9988760887889856,0.0,0.0039336892385499755,0.0019729396904337726,0.0039336892385499755,7.021692358253796,13.999999999999362
salinas,10,1,ConfidenceGuard-C + SupCon,7,Grapes_untrained,0.9244084338458706,0.8923651231001689,0.9081041968162084,11251,0.8923651231001689,0.9291454331634652,0.8426806506088348,0.8838033092519226,0.8426806506088348,0.004736999317594637,-0.04968447249133412,-0.024300887564285722,-0.04968447249133412,-273.40928598577864,-559.0000000000002
salinas,10,1,ConfidenceGuard-C + SupCon,8,Soil_vinyard_develop,0.9998382923673996,1.0,0.9999191396458316,6183,1.0,0.9993534831097464,1.0,0.9996766370250606,1.0,-0.00048480925765326255,0.0,-0.00024250262077096796,0.0,-1.499393704226895,0.0
salinas,10,1,ConfidenceGuard-C + SupCon,9,Corn_senesced_green_weeds,0.9960122699386504,0.9966236955187232,0.9963178889229826,3258,0.9966236955187232,0.9941753525444512,0.9953959484346224,0.9947852760736196,0.9953959484346224,-0.0018369173941992223,-0.0012277470841007831,-0.0015326128493630131,-0.0012277470841007831,-4.9932526632246965,-4.000000000000352
salinas,10,1,ConfidenceGuard-C + SupCon,10,Lettuce_romaine_4wk,0.9570776255707762,1.0,0.978068128791414,1048,1.0,0.9081455805892548,1.0,0.9518619436875568,1.0,-0.04893204498152148,0.0,-0.026206185103857194,0.0,-27.464081988842338,0.0
salinas,10,1,ConfidenceGuard-C + SupCon,11,Lettuce_romaine_5wk,1.0,0.958049292081804,0.9785752544188536,1907,0.958049292081804,1.0,0.9202936549554274,0.9584926269797924,0.9202936549554274,0.0,-0.03775563712637664,-0.020082627439061196,-0.03775563712637664,-38.297570526289704,-72.00000000000026
salinas,10,1,ConfidenceGuard-C + SupCon,12,Lettuce_romaine_6wk,0.9531914893617022,1.0,0.9760348583877996,896,1.0,0.9402347918890076,0.9832589285714286,0.96126568466994,0.9832589285714286,-0.012956697472694567,-0.016741071428571397,-0.014769173717859574,-0.016741071428571397,-13.233179651202178,-14.999999999999972
salinas,10,1,ConfidenceGuard-C + SupCon,13,Lettuce_romaine_7wk,0.9904580152671756,0.9885714285714284,0.9895138226882746,1050,0.9885714285714284,0.9810964083175804,0.9885714285714284,0.9848197343453512,0.9885714285714284,-0.009361606949595203,0.0,-0.004694088342923397,0.0,-4.928792760069567,0.0
salinas,10,1,ConfidenceGuard-C + SupCon,14,Vinyard_untrained,0.8421472229604039,0.8744481236203091,0.8579937728441858,7248,0.8744481236203091,0.7867396593673966,0.8922461368653422,0.8361779156969227,0.8922461368653422,-0.05540756359300725,0.01779801324503305,-0.021815857147263085,0.01779801324503305,-158.12133260336284,128.99999999999955
salinas,10,1,ConfidenceGuard-C + SupCon,15,Vinyard_vertical_trellis,1.0,1.0,1.0,1787,1.0,1.0,1.0,1.0,1.0,0.0,0.0,0.0,0.0,0.0,0.0
salinas,10,2,ConfidenceGuard-C + SupCon,0,Brocoli_green_weeds_1,1.0,1.0,1.0,1989,1.0,1.0,1.0,1.0,1.0,0.0,0.0,0.0,0.0,0.0,0.0
salinas,10,2,ConfidenceGuard-C + SupCon,1,Brocoli_green_weeds_2,1.0,0.9997301672962764,0.99986506544326,3706,0.9997301672962764,1.0,1.0,1.0,1.0,0.0,0.0002698327037236048,0.0001349345567399629,0.0002698327037236048,0.5000674672783025,0.9999999999996794
salinas,10,2,ConfidenceGuard-C + SupCon,2,Fallow,0.998468606431853,1.0,0.9992337164750956,1956,1.0,0.9949135300101728,1.0,0.9974502804691484,1.0,-0.003555076421680181,0.0,-0.0017834360059472143,0.0,-3.488400827632751,0.0
salinas,10,2,ConfidenceGuard-C + SupCon,3,Fallow_rough_plow,0.8297742525930445,0.9898107714701602,0.9027547295054764,1374,0.9898107714701602,0.8856400259909032,0.9919941775836972,0.9358050120151048,0.9919941775836972,0.0558657733978587,0.0021834061135370675,0.03305028250962838,0.0021834061135370675,45.4110881682294,2.9999999999999307
salinas,10,2,ConfidenceGuard-C + SupCon,4,Fallow_smooth,0.9928994082840236,0.9469525959367946,0.9693818601964184,2658,0.9469525959367946,0.9957854406130268,0.9778028592927012,0.9867122247532272,0.9778028592927012,0.0028860323290031964,0.03085026335590657,0.01733036455680881,0.03085026335590657,46.06410899199781,81.99999999999966
salinas,10,2,ConfidenceGuard-C + SupCon,5,Stubble,0.9887048192771084,1.0,0.9943203332071184,3939,1.0,0.9987316083206494,0.9994922569179996,0.9991117878441822,0.9994922569179996,0.01002678904354104,-0.0005077430820004114,0.004791454637063763,-0.0005077430820004114,18.873539815394164,-1.9999999999996205
salinas,10,2,ConfidenceGuard-C + SupCon,6,Celery,1.0,0.9943804439449284,0.9971823048746126,3559,0.9943804439449284,0.9994380443944928,0.9994380443944928,0.9994380443944928,0.9994380443944928,-0.0005619556055072028,0.005057600449564381,0.002255739519880229,0.005057600449564381,8.028176951253734,17.999999999999634
salinas,10,2,ConfidenceGuard-C + SupCon,7,Grapes_untrained,0.9046168051708218,0.8707670429295173,0.8873692314659662,11251,0.8707670429295173,0.8471263337218685,0.8397475779930673,0.843420817711123,0.8397475779930673,-0.05749047144895325,-0.031019464936450025,-0.04394841375484326,-0.031019464936450025,-494.46360315574157,-348.99999999999926
salinas,10,2,ConfidenceGuard-C + SupCon,8,Soil_vinyard_develop,0.9873842222931972,1.0,0.993652069104058,6183,1.0,0.9902306213965408,1.0,0.99509133338698,1.0,0.002846399103343611,0.0,0.0014392642829219593,0.0,8.898971061306474,0.0
salinas,10,2,ConfidenceGuard-C + SupCon,9,Corn_senesced_green_weeds,0.9726672950047124,0.9502762430939228,0.9613414066138798,3258,0.9502762430939228,0.9917434106065418,0.9585635359116024,0.9748712345871704,0.9585635359116024,0.019076115601829424,0.008287292817679592,0.013529827973290609,0.008287292817679592,44.08017953698081,27.000000000000114
salinas,10,2,ConfidenceGuard-C + SupCon,10,Lettuce_romaine_4wk,0.9685767097966728,1.0,0.984037558685446,1048,1.0,0.9748837209302326,1.0,0.9872821479039096,1.0,0.006307011133559803,0.0,0.0032445892184636005,0.0,3.4003295009498533,0.0
salinas,10,2,ConfidenceGuard-C + SupCon,11,Lettuce_romaine_5wk,0.9916274201988488,0.9937073938122706,0.9926663174436878,1907,0.9937073938122706,1.0,0.983744100681699,0.9918054454136928,0.983744100681699,0.008372579801151248,-0.009963293130571538,-0.0008608720299950745,-0.009963293130571538,-1.641682961200607,-18.999999999999922
salinas,10,2,ConfidenceGuard-C + SupCon,12,Lettuce_romaine_6wk,0.9336898395721924,0.9743303571428572,0.9535772801747678,896,0.9743303571428572,0.96,0.9910714285714286,0.9752883031301482,0.9910714285714286,0.02631016042780754,0.016741071428571397,0.02171102295538041,0.016741071428571397,19.453076568020848,14.999999999999972
salinas,10,2,ConfidenceGuard-C + SupCon,13,Lettuce_romaine_7wk,0.9449715370018976,0.9485714285714286,0.946768060836502,1050,0.9485714285714286,0.956043956043956,0.9942857142857144,0.9747899159663864,0.9942857142857144,0.011072419042058357,0.04571428571428582,0.02802185512988442,0.04571428571428582,29.42294788637864,48.00000000000011
salinas,10,2,ConfidenceGuard-C + SupCon,14,Vinyard_untrained,0.8222162452931684,0.8435430463576159,0.8327431217651866,7248,0.8435430463576159,0.756401384083045,0.7540011037527594,0.7551993366959165,0.7540011037527594,-0.06581486121012337,-0.08954194260485648,-0.07754378506927007,-0.08954194260485648,-562.0373541820694,-648.9999999999998
salinas,10,2,ConfidenceGuard-C + SupCon,15,Vinyard_vertical_trellis,1.0,0.9882484611080022,0.99408950182944,1787,0.9882484611080022,1.0,0.9843312814773364,0.9921037789058094,0.9843312814773364,0.0,-0.003917179630665846,-0.0019857229236306395,-0.003917179630665846,-3.548486864527953,-6.999999999999867
salinas,10,3,ConfidenceGuard-C + SupCon,0,Brocoli_green_weeds_1,1.0,1.0,1.0,1989,1.0,1.0,1.0,1.0,1.0,0.0,0.0,0.0,0.0,0.0,0.0
salinas,10,3,ConfidenceGuard-C + SupCon,1,Brocoli_green_weeds_2,1.0,1.0,1.0,3706,1.0,1.0,1.0,1.0,1.0,0.0,0.0,0.0,0.0,0.0,0.0
salinas,10,3,ConfidenceGuard-C + SupCon,2,Fallow,0.9868819374369324,1.0,0.9933976637887252,1956,1.0,0.9804511278195488,1.0,0.9901290812452544,1.0,-0.006430809617383626,0.0,-0.0032685825434707327,0.0,-6.393347455028753,0.0
salinas,10,3,ConfidenceGuard-C + SupCon,3,Fallow_rough_plow,0.7624861265260822,1.0,0.8652392947103275,1374,1.0,0.8356664637857577,0.9992721979621544,0.9101756711965528,0.9992721979621544,0.07318033725967554,-0.0007278020378456151,0.04493637648622539,-0.0007278020378456151,61.74258129207369,-0.9999999999998752
salinas,10,3,ConfidenceGuard-C + SupCon,4,Fallow_smooth,0.9995625546806648,0.8596689240030098,0.9243527508090617,2658,0.8596689240030098,0.9995855781185248,0.90744920993228,0.9512916584500098,0.90744920993228,2.30234378599814e-05,0.047780285929270194,0.026938907640948195,0.047780285929270194,71.6036165096403,127.00000000000017
salinas,10,3,ConfidenceGuard-C + SupCon,5,Stubble,0.9972151898734176,1.0,0.9986056534415008,3939,1.0,0.9967105263157896,1.0,0.99835255354201,1.0,-0.0005046635576280156,0.0,-0.0002530998994907385,0.0,-0.996960504094019,0.0
salinas,10,3,ConfidenceGuard-C + SupCon,6,Celery,1.0,0.9969092441697106,0.9984522301955818,3559,0.9969092441697106,1.0,0.9963472885642034,0.9981703026038,0.9963472885642034,0.0,-0.0005619556055072028,-0.0002819275917818054,-0.0005619556055072028,-1.0033802991514453,-2.000000000000135
salinas,10,3,ConfidenceGuard-C + SupCon,7,Grapes_untrained,0.8978892296590294,0.8847213581015021,0.8912566593544343,11251,0.8847213581015021,0.9583542903128458,0.846769176073238,0.899112872782182,0.846769176073238,0.060465060653816405,-0.037952182028264114,0.007856213427747671,-0.037952182028264114,88.39025727558905,-426.99999999999955
salinas,10,3,ConfidenceGuard-C + SupCon,8,Soil_vinyard_develop,0.9993534831097464,1.0,0.9996766370250606,6183,1.0,0.9993534831097464,1.0,0.9996766370250606,1.0,0.0,0.0,0.0,0.0,0.0,0.0
salinas,10,3,ConfidenceGuard-C + SupCon,9,Corn_senesced_green_weeds,0.9977966635190432,0.9729895641497852,0.9852369852369852,3258,0.9729895641497852,0.9971689210443536,0.9729895641497852,0.9849308684169644,0.9729895641497852,-0.0006277424746895521,0.0,-0.00030611682002079643,0.0,-0.9973285996277548,0.0
salinas,10,3,ConfidenceGuard-C + SupCon,10,Lettuce_romaine_4wk,0.8926746166950597,1.0,0.9432943294329432,1048,1.0,0.9685767097966728,1.0,0.984037558685446,1.0,0.07590209310161311,0.0,0.04074322925250273,0.0,42.69890425662287,0.0
salinas,10,3,ConfidenceGuard-C + SupCon,11,Lettuce_romaine_5wk,0.989685124864278,0.955951756685894,0.9725260069351828,1907,0.955951756685894,0.9953002610966056,0.9994756161510224,0.9973835688121402,0.9994756161510224,0.005615136232327678,0.04352385946512838,0.024857561876957424,0.04352385946512838,47.403370499357806,82.99999999999982
salinas,10,3,ConfidenceGuard-C + SupCon,12,Lettuce_romaine_6wk,0.9977220956719818,0.9776785714285714,0.9875986471251408,896,0.9776785714285714,0.9886234357224118,0.9698660714285714,0.9791549295774647,0.9698660714285714,-0.009098659949569932,-0.0078125,-0.008443717547676033,-0.0078125,-7.5655709227177255,-7.0
salinas,10,3,ConfidenceGuard-C + SupCon,13,Lettuce_romaine_7wk,0.9848771266540642,0.9923809523809524,0.9886148007590132,1050,0.9923809523809524,0.9717247879359096,0.981904761904762,0.9767882520132638,0.981904761904762,-0.013152338718154688,-0.010476190476190417,-0.011826548745749399,-0.010476190476190417,-12.417876183036869,-10.999999999999938
salinas,10,3,ConfidenceGuard-C + SupCon,14,Vinyard_untrained,0.8241444866920152,0.8373344370860927,0.8306871064878182,7248,0.8373344370860927,0.7983389870160252,0.941639072847682,0.8640881179970881,0.941639072847682,-0.025805499675989996,0.10430463576158933,0.033401011509269884,0.10430463576158933,242.09053141918812,755.9999999999994
salinas,10,3,ConfidenceGuard-C + SupCon,15,Vinyard_vertical_trellis,1.0,0.996082820369334,0.9980375665825624,1787,0.996082820369334,1.0,0.9916060436485732,0.9957853329586964,0.9916060436485732,0.0,-0.0044767767207608555,-0.0022522336238659513,-0.0044767767207608555,-4.024741485848455,-7.999999999999649
salinas,10,4,ConfidenceGuard-C + SupCon,0,Brocoli_green_weeds_1,1.0,0.9994972347913524,0.9997485541865728,1989,0.9994972347913524,1.0,1.0,1.0,1.0,0.0,0.0005027652086475598,0.00025144581342717576,0.0005027652086475598,0.5001257229066526,0.9999999999999964
salinas,10,4,ConfidenceGuard-C + SupCon,1,Brocoli_green_weeds_2,1.0,1.0,1.0,3706,1.0,1.0,1.0,1.0,1.0,0.0,0.0,0.0,0.0,0.0,0.0
salinas,10,4,ConfidenceGuard-C + SupCon,2,Fallow,0.9745889387144993,1.0,0.987130961392884,1956,1.0,0.9775112443778112,1.0,0.9886277482941622,1.0,0.002922305663311975,0.0,0.001496786901278191,0.0,2.9277151789001414,0.0
salinas,10,4,ConfidenceGuard-C + SupCon,3,Fallow_rough_plow,0.7435064935064936,1.0,0.8528864059590316,1374,1.0,0.9111405835543768,1.0,0.9535045107564192,1.0,0.1676340900478832,0.0,0.10061810479738753,0.0,138.24927599161046,0.0
salinas,10,4,ConfidenceGuard-C + SupCon,4,Fallow_smooth,0.950596252129472,0.8397291196388262,0.8917299240910906,2658,0.8397291196388262,0.9996101364522416,0.964635063957863,0.9818112196055908,0.964635063957863,0.04901388432276965,0.12490594431903679,0.09008129551450017,0.12490594431903679,239.43608347754144,331.9999999999998
salinas,10,4,ConfidenceGuard-C + SupCon,5,Stubble,1.0,0.9654734704239656,0.9824334797210024,3939,0.9654734704239656,1.0,0.9972074130489972,0.9986017541629592,0.9972074130489972,0.0,0.0317339426250316,0.016168274441956787,0.0317339426250316,63.68683302686778,124.99999999999946
salinas,10,4,ConfidenceGuard-C + SupCon,6,Celery,0.9944024629163168,0.9983141331834784,0.9963544587773416,3559,0.9983141331834784,0.9971870604781996,0.9960663107614498,0.9966263705369692,0.9960663107614498,0.0027845975618827623,-0.002247822422028589,0.0002719117596275966,-0.002247822422028589,0.9677339525146164,-7.999999999999749
salinas,10,4,ConfidenceGuard-C + SupCon,7,Grapes_untrained,0.8366870573084353,0.9239178739667584,0.8781414994720169,11251,0.9239178739667584,0.9232266225552204,0.8433028175273309,0.8814567075436641,0.8433028175273309,0.08653956524678508,-0.08061505643942746,0.003315208071647202,-0.08061505643942746,37.29940601410267,-906.9999999999983
salinas,10,4,ConfidenceGuard-C + SupCon,8,Soil_vinyard_develop,0.9859671503747408,1.0,0.9929339971093624,6183,1.0,0.9905479013136816,1.0,0.995251509054326,1.0,0.004580750938940836,0.0,0.002317511944963657,0.0,14.329176355710292,0.0
salinas,10,4,ConfidenceGuard-C + SupCon,9,Corn_senesced_green_weeds,0.9983454665784248,0.9260282381829344,0.960828025477707,3258,0.9260282381829344,0.9983665468801044,0.937998772252916,0.967241652160152,0.937998772252916,2.1080301679576863e-05,0.011970534069981498,0.0064136266824450505,0.011970534069981498,20.895595731405976,38.99999999999972
salinas,10,4,ConfidenceGuard-C + SupCon,10,Lettuce_romaine_4wk,0.9307282415630552,1.0,0.9641214351425944,1048,1.0,0.958828911253431,1.0,0.9789817842129844,1.0,0.028100669690375724,0.0,0.014860349070390022,0.0,15.573645825768743,0.0
salinas,10,4,ConfidenceGuard-C + SupCon,11,Lettuce_romaine_5wk,1.0,0.9984268484530676,0.9992128050380478,1907,0.9984268484530676,1.0,0.9994756161510224,0.999737739312877,0.9994756161510224,0.0,0.001048767697954811,0.0005249342748292474,0.001048767697954811,1.0010496620993747,1.9999999999998246
salinas,10,4,ConfidenceGuard-C + SupCon,12,Lettuce_romaine_6wk,0.9952,0.6941964285714286,0.8178829717291256,896,0.6941964285714286,0.9940968122786304,0.9397321428571428,0.966150315547906,0.9397321428571428,-0.0011031877213695251,0.2455357142857142,0.14826734381878037,0.2455357142857142,132.84754006162723,219.99999999999991
salinas,10,4,ConfidenceGuard-C + SupCon,13,Lettuce_romaine_7wk,0.7775297619047619,0.9952380952380953,0.873015873015873,1050,0.9952380952380953,0.906794425087108,0.9914285714285714,0.9472247497725204,0.9914285714285714,0.12926466318234608,-0.003809523809523818,0.07420887675664734,-0.003809523809523818,77.9193205944797,-4.000000000000009
salinas,10,4,ConfidenceGuard-C + SupCon,14,Vinyard_untrained,0.8583485023994705,0.7156456953642384,0.7805281769618538,7248,0.7156456953642384,0.7846849047386419,0.8864514348785872,0.832469551697331,0.8864514348785872,-0.07366359766082853,0.17080573951434885,0.05194137473547711,0.17080573951434885,376.47108408273806,1238.0000000000005
salinas,10,4,ConfidenceGuard-C + SupCon,15,Vinyard_vertical_trellis,0.9977490151941476,0.9921656407386682,0.9949494949494948,1787,0.9921656407386682,0.9933147632311976,0.9977616116396196,0.9955332216638748,0.9977616116396196,-0.004434251962949998,0.00559597090095143,0.0005837267143800062,0.00559597090095143,1.0431196385970711,10.000000000000206
pavia_university,10,0,ConfidenceGuard-C + SupCon,0,Asphalt,0.9338952972493344,0.6368174255029496,0.7572623437359475,6611,0.6368174255029496,0.9496908974632274,0.6738768718801996,0.7883560431781985,0.6738768718801996,0.015795600213893035,0.037059446377250005,0.031093699442251044,0.037059446377250005,205.56044701272165,244.99999999999977
pavia_university,10,0,ConfidenceGuard-C + SupCon,1,Meadows,0.9958212614218854,0.9594181115465136,0.977280804877382,18629,0.9594181115465136,0.9954602201793212,0.9416501154114552,0.9678077846128382,0.9416501154114552,-0.00036104124256419734,-0.017767996135058417,-0.009473020264543774,-0.017767996135058417,-176.472894508186,-331.00000000000324
pavia_university,10,0,ConfidenceGuard-C + SupCon,2,Gravel,0.7712987504733055,0.9797979797979798,0.863135593220339,2079,0.9797979797979798,0.8170833333333334,0.9432419432419432,0.8756418843491851,0.9432419432419432,0.045784582860027845,-0.036556036556036564,0.012506291128846159,-0.036556036556036564,26.000579256871163,-76.00000000000001
pavia_university,10,0,ConfidenceGuard-C + SupCon,3,Trees,0.6052569263556713,0.8396846254927727,0.7034539700013761,3044,0.8396846254927727,0.6661510698633668,0.8488830486202366,0.7464971833020367,0.8488830486202366,0.06089414350769551,0.009198423127463884,0.04304321330066063,0.009198423127463884,131.02354128721097,28.000000000000064
pavia_university,10,0,ConfidenceGuard-C + SupCon,4,Painted metal sheets,0.8682830930537353,1.0,0.929498421606454,1325,1.0,0.8728590250329381,1.0,0.932113964122406,1.0,0.0045759319792028075,0.0,0.002615542515951974,0.0,3.4655938336363654,0.0
pavia_university,10,0,ConfidenceGuard-C + SupCon,5,Bare Soil,0.9442035815268616,1.0,0.9713011440760132,5009,1.0,0.9378393559258564,1.0,0.9679227053140096,1.0,-0.006364225601005136,0.0,-0.0033784387620036105,0.0,-16.922599758876085,0.0
pavia_university,10,0,ConfidenceGuard-C + SupCon,6,Bitumen,0.9805389221556886,1.0,0.9901738473167044,1310,1.0,1.0,1.0,1.0,1.0,0.019461077844311392,0.0,0.009826152683295564,0.0,12.872260015117188,0.0
pavia_university,10,0,ConfidenceGuard-C + SupCon,7,Self-Blocking Bricks,0.7533272143184947,0.8965046422719826,0.8187032418952619,3662,0.8965046422719826,0.7379472894793229,0.9404696886947024,0.8269900348181054,0.9404696886947024,-0.015379924839171832,0.04396504642271981,0.008286792922843511,0.04396504642271981,30.34623568345294,160.99999999999994
pavia_university,10,0,ConfidenceGuard-C + SupCon,8,Shadows,0.8375499334221038,0.6785329018338727,0.7497020262216925,927,0.6785329018338727,0.615582191780822,0.7756202804746494,0.6863961813842482,0.7756202804746494,-0.22196774164128186,0.09708737864077666,-0.06330584483744428,0.09708737864077666,-58.684518164310845,89.99999999999996
pavia_university,10,1,ConfidenceGuard-C + SupCon,0,Asphalt,0.9109610070617132,0.4487974587808198,0.6013376570733685,6611,0.4487974587808198,0.8288560754314179,0.7047345333535018,0.7617724002616089,0.7047345333535018,-0.08210493163029531,0.255937074572682,0.16043474318824036,0.255937074572682,1060.634087217457,1692.0000000000007
pavia_university,10,1,ConfidenceGuard-C + SupCon,1,Meadows,0.9709319396323918,0.8875409308068066,0.9273655280722418,18629,0.8875409308068066,0.9842894393741852,0.8105104943904665,0.8889870175748477,0.8105104943904665,0.013357499741793455,-0.07703043641634011,-0.03837851049739416,-0.07703043641634011,-714.9532720559557,-1435.0
pavia_university,10,1,ConfidenceGuard-C + SupCon,2,Gravel,0.2732884399551066,0.936988936988937,0.423156294124036,2079,0.936988936988937,0.5866617808721143,0.77008177008177,0.6659733777038269,0.77008177008177,0.3133733409170077,-0.166907166907167,0.24281708357979093,-0.166907166907167,504.81671676238534,-347.0000000000002
pavia_university,10,1,ConfidenceGuard-C + SupCon,3,Trees,0.4380613455346551,0.8492115637319316,0.577976523197317,3044,0.8492115637319316,0.7561942517343905,0.7519710906701709,0.7540767583594136,0.7519710906701709,0.3181329061997354,-0.09724047306176076,0.1761002351620966,-0.09724047306176076,536.0491158334221,-295.9999999999998
pavia_university,10,1,ConfidenceGuard-C + SupCon,4,Painted metal sheets,0.8609486679662118,1.0,0.9252793296089384,1325,1.0,0.9910246821241586,1.0,0.9954921111945906,1.0,0.13007601415794678,0.0,0.07021278158565214,0.0,93.03193560098909,0.0
pavia_university,10,1,ConfidenceGuard-C + SupCon,5,Bare Soil,0.985777034093286,0.940906368536634,0.9628192032686416,5009,0.940906368536634,0.7550158394931362,0.9992014374126572,0.8601134215500945,0.9992014374126572,-0.23076119460014977,0.058295068876023204,-0.10270578171854705,0.058295068876023204,-514.4532606282022,292.0000000000002
pavia_university,10,1,ConfidenceGuard-C + SupCon,6,Bitumen,0.6000916170407696,1.0,0.7500715717148583,1310,1.0,0.8954203691045797,1.0,0.9448250991705732,1.0,0.29532875206381004,0.0,0.19475352745571495,0.0,255.12712096698658,0.0
pavia_university,10,1,ConfidenceGuard-C + SupCon,7,Self-Blocking Bricks,0.0,0.0,0.0,3662,0.0,0.5358612055088535,0.8181321682140906,0.6475737598616664,0.8181321682140906,0.5358612055088535,0.8181321682140906,0.6475737598616664,0.8181321682140906,2371.4151086134225,2996.0
pavia_university,10,1,ConfidenceGuard-C + SupCon,8,Shadows,0.5809768637532133,0.4875943905070118,0.5302052785923753,927,0.4875943905070118,0.989522700814901,0.9169363538295576,0.9518477043673012,0.9169363538295576,0.4085458370616877,0.4293419633225458,0.42164242577492583,0.4293419633225458,390.86252869335624,398.0
pavia_university,10,2,ConfidenceGuard-C + SupCon,0,Asphalt,0.8157894736842105,0.5439419149901679,0.6526908067882748,6611,0.5439419149901679,0.9625143231298084,0.8894267130540009,0.9245283018867924,0.8894267130540009,0.14672484944559794,0.34548479806383303,0.2718374950985175,0.34548479806383303,1797.1176800962992,2284.0
pavia_university,10,2,ConfidenceGuard-C + SupCon,1,Meadows,0.9860900702382592,0.7686939717644533,0.8639256734336822,18629,0.7686939717644533,0.9804923362749652,0.7932256159750926,0.876973293768546,0.7932256159750926,-0.005597733963293994,0.024531644210639247,0.013047620334863841,0.024531644210639247,243.0641192181785,456.9999999999985
pavia_university,10,2,ConfidenceGuard-C + SupCon,2,Gravel,0.9677581863979848,0.924001924001924,0.9453740157480316,2079,0.924001924001924,0.9562790697674418,0.9889369889369888,0.9723338850792148,0.9889369889369888,-0.011479116630543018,0.06493506493506473,0.026959869331183217,0.06493506493506473,56.049568339529905,134.99999999999957
pavia_university,10,2,ConfidenceGuard-C + SupCon,3,Trees,0.3315336013785181,0.9480946123521682,0.4912758532641076,3044,0.9480946123521682,0.4348868574853888,0.9533508541392904,0.5973036945559329,0.9533508541392904,0.10335325610687068,0.005256241787122251,0.1060278412918253,0.005256241787122251,322.7487488923162,16.00000000000013
pavia_university,10,2,ConfidenceGuard-C + SupCon,4,Painted metal sheets,0.930780559646539,0.9539622641509434,0.9422288483041372,1325,0.9539622641509434,0.9607558139534884,0.9977358490566036,0.9788967049241022,0.9977358490566036,0.02997525430694936,0.04377358490566019,0.03666785661996497,0.04377358490566019,48.58491002145358,57.99999999999975
pavia_university,10,2,ConfidenceGuard-C + SupCon,5,Bare Soil,0.9373784519642162,0.9622679177480536,0.9496601320066989,5009,0.9622679177480536,0.959418534221684,0.9486923537632262,0.954025296125276,0.9486923537632262,0.022040082257467786,-0.013575563984827399,0.004365164118577125,-0.013575563984827399,21.86510706995282,-68.00000000000044
pavia_university,10,2,ConfidenceGuard-C + SupCon,6,Bitumen,0.5906379072969252,0.982442748091603,0.7377472055030094,1310,0.982442748091603,0.6296114117068372,0.9770992366412212,0.7657792402034101,0.9770992366412212,0.038973504409911985,-0.00534351145038181,0.02803203470040072,-0.00534351145038181,36.721965457524945,-7.000000000000171
pavia_university,10,2,ConfidenceGuard-C + SupCon,7,Self-Blocking Bricks,0.9802276812462551,0.8935008192244676,0.9348571428571428,3662,0.8935008192244676,0.9810818799881762,0.9063353358820316,0.9422285308729595,0.9063353358820316,0.0008541987419210528,0.012834516657564077,0.0073713880158167155,0.012834516657564077,26.994022913920812,46.99999999999965
pavia_university,10,2,ConfidenceGuard-C + SupCon,8,Shadows,0.7851929092805006,0.8122977346278317,0.7985153764581124,927,0.8122977346278317,0.9339622641509434,0.8543689320388349,0.8923943661971832,0.8543689320388349,0.14876935487044285,0.04207119741100318,0.09387898973907072,0.04207119741100318,87.02582348811856,38.99999999999995
pavia_university,10,3,ConfidenceGuard-C + SupCon,0,Asphalt,0.7511766950769622,0.8932082892149448,0.8160585959093422,6611,0.8932082892149448,0.769892741332003,0.9337467856602631,0.8439401189418279,0.9337467856602631,0.018716046255040863,0.04053849644531837,0.0278815230324857,0.04053849644531837,184.32474876776297,267.9999999999998
pavia_university,10,3,ConfidenceGuard-C + SupCon,1,Meadows,0.9640710906533692,0.8094905792044662,0.8800443523678912,18629,0.8094905792044662,0.9443696724988784,0.7909710666165656,0.8608903949520916,0.7909710666165656,-0.01970141815449078,-0.018519512587900633,-0.019153957415799616,-0.018519512587900633,-356.81907269893105,-345.0000000000009
pavia_university,10,3,ConfidenceGuard-C + SupCon,2,Gravel,0.8463292293661651,0.8927368927368927,0.8689138576779026,2079,0.8927368927368927,0.8217090069284064,0.8556998556998557,0.8383600377002828,0.8556998556998557,-0.024620222437758632,-0.03703703703703698,-0.030553819977619856,-0.03703703703703698,-63.52139173347168,-76.99999999999989
pavia_university,10,3,ConfidenceGuard-C + SupCon,3,Trees,0.788917089678511,0.6126806833114323,0.6897189349112426,3044,0.6126806833114323,0.6486842105263158,0.8097897503285151,0.7203389830508474,0.8097897503285151,-0.1402328791521953,0.19710906701708275,0.03062004813960484,0.19710906701708275,93.20742653695713,599.9999999999999
pavia_university,10,3,ConfidenceGuard-C + SupCon,4,Painted metal sheets,0.7342449464922711,0.9320754716981132,0.8214166943797805,1325,0.9320754716981132,0.9450072358900145,0.9856603773584904,0.9649057997783524,0.9856603773584904,0.21076228939774333,0.05358490566037721,0.14348910539857196,0.05358490566037721,190.12306465310783,70.9999999999998
pavia_university,10,3,ConfidenceGuard-C + SupCon,5,Bare Soil,0.8091769847050255,0.8872030345378319,0.8463955813732026,5009,0.8872030345378319,0.8111655239960823,0.8267119185466161,0.8188649396875618,0.8267119185466161,0.001988539291056801,-0.060491115991215816,-0.02753064168564079,-0.060491115991215816,-137.90098420337472,-303.0
pavia_university,10,3,ConfidenceGuard-C + SupCon,6,Bitumen,0.9768483943241224,0.998473282442748,0.987542468856172,1310,0.998473282442748,0.993161094224924,0.997709923664122,0.9954303122619954,0.997709923664122,0.01631269990080164,-0.0007633587786259888,0.00788784340582338,-0.0007633587786259888,10.333074861628628,-1.0000000000000453
pavia_university,10,3,ConfidenceGuard-C + SupCon,7,Self-Blocking Bricks,0.6677912284183369,0.9188967777170944,0.7734743132973222,3662,0.9188967777170944,0.8160946196660482,0.9609503003823048,0.8826185101580135,0.9609503003823048,0.1483033912477113,0.04205352266521034,0.10914419686069132,0.04205352266521034,399.6860489038516,154.00000000000026
pavia_university,10,3,ConfidenceGuard-C + SupCon,8,Shadows,0.8160569105691057,0.866235167206041,0.8403976975405547,927,0.866235167206041,0.9184357541899442,0.8867313915857605,0.902305159165752,0.8867313915857605,0.10237884362083849,0.02049622437971954,0.061907461625197335,0.02049622437971954,57.38821692655793,19.000000000000014
pavia_university,10,4,ConfidenceGuard-C + SupCon,0,Asphalt,0.9477529333628516,0.6475571018000302,0.7694104960460101,6611,0.6475571018000302,0.9476878007951456,0.6850703373165935,0.7952589991220369,0.6850703373165935,-6.513256770601661e-05,0.03751323551656327,0.02584850307602682,0.03751323551656327,170.8844538356133,247.99999999999977
pavia_university,10,4,ConfidenceGuard-C + SupCon,1,Meadows,0.9991252271045016,0.7970368779859359,0.8867124514780531,18629,0.7970368779859359,0.9982724252491696,0.8064845133930968,0.8921880103328483,0.8064845133930968,-0.000852801855331986,0.00944763540716087,0.005475558854795226,0.00944763540716087,102.00418590598026,175.99999999999986
pavia_university,10,4,ConfidenceGuard-C + SupCon,2,Gravel,0.966707768187423,0.7542087542087542,0.8473385571467171,2079,0.7542087542087542,0.9552941176470588,0.7811447811447811,0.8594866366763694,0.7811447811447811,-0.01141365054036414,0.026936026936026924,0.012148079529652245,0.026936026936026924,25.255857342147017,55.99999999999998
pavia_university,10,4,ConfidenceGuard-C + SupCon,3,Trees,0.3650086256469235,0.8340998685939554,0.5078,3044,0.8340998685939554,0.3754733469268861,0.8469119579500657,0.5202825428859738,0.8469119579500657,0.010464721279962619,0.012812089356110334,0.012482542885973724,0.012812089356110334,37.99686054490402,38.99999999999986
pavia_university,10,4,ConfidenceGuard-C + SupCon,4,Painted metal sheets,0.8983050847457628,1.0,0.9464285714285714,1325,1.0,0.9785819793205316,1.0,0.9891750653228816,1.0,0.08027689457476883,0.0,0.04274649389431018,0.0,56.639104409960986,0.0
pavia_university,10,4,ConfidenceGuard-C + SupCon,5,Bare Soil,0.8131493506493507,1.0,0.8969469066165279,5009,1.0,0.8466091662438694,0.999401078059493,0.9166819263871084,0.999401078059493,0.033459815594518716,-0.0005989219405070356,0.019735019770580564,-0.0005989219405070356,98.85271403083804,-2.9999999999997415
pavia_university,10,4,ConfidenceGuard-C + SupCon,6,Bitumen,0.7441728254690165,0.999236641221374,0.8530465949820788,1310,0.999236641221374,0.733595064498037,0.998473282442748,0.8457807953443259,0.998473282442748,-0.01057776097097951,-0.0007633587786259888,-0.007265799637752868,-0.0007633587786259888,-9.518197525456257,-1.0000000000000453
pavia_university,10,4,ConfidenceGuard-C + SupCon,7,Self-Blocking Bricks,0.8567272727272728,0.9650464227198252,0.90766662386028,3662,0.9650464227198252,0.8420930232558139,0.988803932277444,0.9095704596834966,0.988803932277444,-0.01463424947145886,0.023757509557618794,0.0019038358232166264,0.023757509557618794,6.971846784619286,87.00000000000003
pavia_university,10,4,ConfidenceGuard-C + SupCon,8,Shadows,0.6619090098126673,0.8004314994606256,0.724609375,927,0.8004314994606256,0.9882491186839012,0.90722761596548,0.9460067491563554,0.90722761596548,0.3263401088712339,0.10679611650485432,0.2213973741563554,0.10679611650485432,205.23536584294146,98.99999999999996
indian_pines,5,0,Spectral QNN + SupCon,0,Alfalfa,0.1683673469387755,1.0,0.2882096069868995,33,1.0,0.264,1.0,0.4177215189873418,1.0,0.09563265306122451,0.0,0.12951191200044226,0.0,4.273893096014595,0.0
indian_pines,5,0,Spectral QNN + SupCon,1,Corn-notill,0.7444717444717445,0.643312101910828,0.6902050113895216,1413,0.643312101910828,0.7773000859845228,0.6397735314932768,0.7018633540372671,0.6397735314932768,0.03282834151277836,-0.0035385704175512345,0.011658342647745457,-0.0035385704175512345,16.47323816126433,-4.999999999999894
indian_pines,5,0,Spectral QNN + SupCon,2,Corn-mintill,0.6666666666666666,0.5668711656441717,0.6127320954907162,815,0.5668711656441717,0.7583025830258303,0.5042944785276073,0.6057479734708917,0.5042944785276073,0.09163591635916368,-0.06257668711656439,-0.006984122019824457,-0.06257668711656439,-5.692059446156932,-50.99999999999998
indian_pines,5,0,Spectral QNN + SupCon,3,Corn,0.9086294416243654,0.8063063063063063,0.8544152744630071,222,0.8063063063063063,0.9043062200956936,0.8513513513513513,0.877030162412993,0.8513513513513513,-0.004323221528671817,0.04504504504504503,0.022614887949985896,0.04504504504504503,5.020505124896869,9.999999999999996
indian_pines,5,0,Spectral QNN + SupCon,4,Grass-pasture,0.9730538922155688,0.6944444444444444,0.8104738154613467,468,0.6944444444444444,1.0,0.7008547008547008,0.8241206030150754,0.7008547008547008,0.026946107784431184,0.0064102564102563875,0.013646787553728723,0.0064102564102563875,6.386696575145042,2.9999999999999893
indian_pines,5,0,Spectral QNN + SupCon,5,Grass-trees,0.8973988439306358,0.8685314685314686,0.8827292110874201,715,0.8685314685314686,0.8593103448275862,0.8713286713286713,0.8652777777777778,0.8713286713286713,-0.03808849910304968,0.002797202797202747,-0.017451433309642272,0.002797202797202747,-12.477774816394225,1.999999999999964
indian_pines,5,0,Spectral QNN + SupCon,6,Grass-pasture-mowed,0.2602739726027397,1.0,0.4130434782608695,19,1.0,0.2794117647058823,1.0,0.4367816091954023,1.0,0.019137792103142592,0.0,0.02373813093453281,0.0,0.45102448775612336,0.0
indian_pines,5,0,Spectral QNN + SupCon,7,Hay-windrowed,0.8558225508317929,1.0,0.9223107569721116,463,1.0,0.7729549248747913,1.0,0.871939736346516,1.0,-0.08286762595700159,0.0,-0.05037102062559562,0.0,-23.32178254965077,0.0
indian_pines,5,0,Spectral QNN + SupCon,8,Oats,0.1290322580645161,1.0,0.2285714285714285,12,1.0,0.1304347826086956,1.0,0.2307692307692307,1.0,0.0014025245441794953,0.0,0.00219780219780219,0.0,0.02637362637362628,0.0
indian_pines,5,0,Spectral QNN + SupCon,9,Soybean-notill,0.8198103266596417,0.812957157784744,0.8163693599160545,957,0.812957157784744,0.780718336483932,0.8631138975966562,0.8198511166253102,0.8631138975966562,-0.039091990175709745,0.050156739811912265,0.0034817567092556567,0.050156739811912265,3.3320411707576634,48.000000000000036
indian_pines,5,0,Spectral QNN + SupCon,10,Soybean-mintill,0.9512345679012346,0.6315573770491804,0.7591133004926108,2440,0.6315573770491804,0.9452466907340552,0.6438524590163934,0.7659678205753291,0.6438524590163934,-0.005987877167179412,0.012295081967213073,0.006854520082718252,0.012295081967213073,16.725029001832535,29.999999999999897
indian_pines,5,0,Spectral QNN + SupCon,11,Soybean-clean,0.3877551020408163,0.5916955017301038,0.4684931506849315,578,0.5916955017301038,0.2640977443609023,0.486159169550173,0.3422655298416565,0.486159169550173,-0.12365735767991404,-0.10553633217993075,-0.12622762084327505,-0.10553633217993075,-72.95956484741298,-60.99999999999997
indian_pines,5,0,Spectral QNN + SupCon,12,Wheat,0.4921875,0.9947368421052633,0.6585365853658537,190,0.9947368421052633,0.5192307692307693,0.9947368421052633,0.6823104693140795,0.9947368421052633,0.027043269230769273,0.0,0.02377388394822577,0.0,4.517037950162896,0.0
indian_pines,5,0,Spectral QNN + SupCon,13,Woods,0.9547920433996384,0.8448,0.8964346349745331,1250,0.8448,0.9417562724014336,0.8408,0.8884192730346576,0.8408,-0.013035770998204854,-0.0040000000000000036,-0.00801536193987551,-0.0040000000000000036,-10.019202424844387,-5.000000000000004
indian_pines,5,0,Spectral QNN + SupCon,14,Buildings-Grass-Trees-Drives,0.3856353591160221,0.9407008086253368,0.5470219435736677,371,0.9407008086253368,0.4697802197802198,0.921832884097035,0.6223839854413102,0.921832884097035,0.08414486066419768,-0.01886792452830177,0.0753620418676425,-0.01886792452830177,27.95931753289537,-6.999999999999957
indian_pines,5,0,Spectral QNN + SupCon,15,Stone-Steel-Towers,0.5362318840579711,0.9487179487179488,0.6851851851851852,78,0.9487179487179488,0.430939226519337,1.0,0.6023166023166023,1.0,-0.10529265753863404,0.05128205128205121,-0.0828685828685829,0.05128205128205121,-6.4637494637494655,3.9999999999999947
indian_pines,5,1,Spectral QNN + SupCon,0,Alfalfa,0.3928571428571428,1.0,0.5641025641025641,33,1.0,0.4230769230769231,1.0,0.5945945945945946,1.0,0.03021978021978028,0.0,0.03049203049203053,0.0,1.0062370062370074,0.0
indian_pines,5,1,Spectral QNN + SupCon,1,Corn-notill,0.7829888712241654,0.697098372257608,0.7375514788468738,1413,0.697098372257608,0.7703422053231939,0.7169143665958952,0.7426686217008798,0.7169143665958952,-0.012646665900971521,0.01981599433828729,0.005117142854005996,0.01981599433828729,7.230522852710473,27.999999999999943
indian_pines,5,1,Spectral QNN + SupCon,2,Corn-mintill,0.5714285714285714,0.3730061349693251,0.451373422420193,815,0.3730061349693251,0.4247191011235955,0.2319018404907975,0.3,0.2319018404907975,-0.1467094703049759,-0.1411042944785276,-0.15137342242019303,-0.1411042944785276,-123.36933927245731,-114.99999999999999
indian_pines,5,1,Spectral QNN + SupCon,3,Corn,0.4365079365079365,0.990990990990991,0.6060606060606061,222,0.990990990990991,0.3783231083844581,0.8333333333333334,0.5203938115330521,0.8333333333333334,-0.058184828123478416,-0.1576576576576576,-0.08566679452755399,-0.1576576576576576,-19.018028385116985,-34.999999999999986
indian_pines,5,1,Spectral QNN + SupCon,4,Grass-pasture,0.7338129496402878,0.6538461538461539,0.6915254237288135,468,0.6538461538461539,0.788659793814433,0.6538461538461539,0.7149532710280374,0.6538461538461539,0.054846844174145204,0.0,0.02342784729922387,0.0,10.964232536036771,0.0
indian_pines,5,1,Spectral QNN + SupCon,5,Grass-trees,0.8031784841075794,0.9188811188811188,0.8571428571428571,715,0.9188811188811188,0.7259825327510917,0.93006993006993,0.8154506437768241,0.93006993006993,-0.07719595135648771,0.01118881118881121,-0.041692213366033015,0.01118881118881121,-29.809932556713605,8.000000000000014
indian_pines,5,1,Spectral QNN + SupCon,6,Grass-pasture-mowed,0.1979166666666666,1.0,0.3304347826086956,19,1.0,0.25,1.0,0.4,1.0,0.0520833333333334,0.0,0.06956521739130445,0.0,1.3217391304347845,0.0
indian_pines,5,1,Spectral QNN + SupCon,7,Hay-windrowed,0.8638059701492538,1.0,0.9269269269269268,463,1.0,0.8869731800766284,1.0,0.9401015228426396,1.0,0.023167209927374643,0.0,0.013174595915712795,0.0,6.099837908975024,0.0
indian_pines,5,1,Spectral QNN + SupCon,8,Oats,0.1428571428571428,1.0,0.25,12,1.0,0.144578313253012,1.0,0.2526315789473684,1.0,0.0017211703958691926,0.0,0.0026315789473683737,0.0,0.031578947368420485,0.0
indian_pines,5,1,Spectral QNN + SupCon,9,Soybean-notill,0.8530927835051546,0.6917450365726228,0.7639930755914599,957,0.6917450365726228,0.7134445534838076,0.7596656217345873,0.7358299595141701,0.7596656217345873,-0.13964823002134696,0.06792058516196453,-0.02816311607728983,0.06792058516196453,-26.952102085966366,65.00000000000006
indian_pines,5,1,Spectral QNN + SupCon,10,Soybean-mintill,0.8447300771208226,0.6733606557377049,0.7493728620296465,2440,0.6733606557377049,0.9105011933174224,0.6254098360655738,0.7414965986394558,0.6254098360655738,0.06577111619659981,-0.047950819672131106,-0.007876263390190652,-0.047950819672131106,-19.21808267206519,-116.9999999999999
indian_pines,5,1,Spectral QNN + SupCon,11,Soybean-clean,0.5085536547433903,0.5657439446366782,0.5356265356265356,578,0.5657439446366782,0.6150537634408603,0.4948096885813148,0.548418024928092,0.4948096885813148,0.10650010869746995,-0.07093425605536341,0.01279148930155638,-0.07093425605536341,7.393480816299588,-41.00000000000005
indian_pines,5,1,Spectral QNN + SupCon,12,Wheat,0.3941908713692946,1.0,0.5654761904761905,190,1.0,0.375494071146245,1.0,0.5459770114942529,1.0,-0.018696800223049592,0.0,-0.019499178981937537,0.0,-3.7048440065681323,0.0
indian_pines,5,1,Spectral QNN + SupCon,13,Woods,0.9733806566104702,0.8776,0.923012200252419,1250,0.8776,0.9233333333333332,0.8864,0.9044897959183672,0.8864,-0.05004732327713701,0.008799999999999919,-0.018522404334051834,0.008799999999999919,-23.153005417564792,10.999999999999899
indian_pines,5,1,Spectral QNN + SupCon,14,Buildings-Grass-Trees-Drives,0.644404332129964,0.9622641509433962,0.7718918918918919,371,0.9622641509433962,0.5397058823529411,0.9892183288409704,0.698382492863939,0.9892183288409704,-0.1046984497770228,0.02695417789757415,-0.07350939902795284,0.02695417789757415,-27.271987039370504,10.000000000000009
indian_pines,5,1,Spectral QNN + SupCon,15,Stone-Steel-Towers,0.4642857142857143,1.0,0.6341463414634146,78,1.0,0.4698795180722891,1.0,0.639344262295082,1.0,0.005593803786574814,0.0,0.005197920831667369,0.0,0.40543782487005475,0.0
indian_pines,5,2,Spectral QNN + SupCon,0,Alfalfa,0.2119205298013245,0.9696969696969696,0.3478260869565217,33,0.9696969696969696,0.2229729729729729,1.0,0.3646408839779005,1.0,0.011052443171648385,0.030303030303030387,0.016814797021378836,0.030303030303030387,0.5548883017055015,1.0000000000000027
indian_pines,5,2,Spectral QNN + SupCon,1,Corn-notill,0.8574108818011257,0.3234253361641896,0.4696813977389517,1413,0.3234253361641896,0.8105906313645621,0.2816702052370842,0.4180672268907563,0.2816702052370842,-0.04682025043656357,-0.04175513092710542,-0.05161417084819536,-0.04175513092710542,-72.93082340850005,-58.99999999999996
indian_pines,5,2,Spectral QNN + SupCon,2,Corn-mintill,0.3907427341227126,0.4453987730061349,0.4162844036697247,815,0.4453987730061349,0.5117521367521367,0.5877300613496933,0.5471159337521416,0.5877300613496933,0.12100940262942411,0.1423312883435584,0.13083153008241694,0.1423312883435584,106.62769701716981,116.0000000000001
indian_pines,5,2,Spectral QNN + SupCon,3,Corn,0.964467005076142,0.8558558558558559,0.9069212410501192,222,0.8558558558558559,0.9409090909090908,0.9324324324324323,0.9366515837104072,0.9324324324324323,-0.02355791416705122,0.07657657657657646,0.029730342660288067,0.07657657657657646,6.600136070583951,16.999999999999975
indian_pines,5,2,Spectral QNN + SupCon,4,Grass-pasture,0.8719806763285024,0.7713675213675214,0.81859410430839,468,0.7713675213675214,0.8844339622641509,0.8012820512820513,0.8408071748878924,0.8012820512820513,0.01245328593564854,0.02991452991452992,0.022213070579502392,0.02991452991452992,10.39571703120712,14.000000000000002
indian_pines,5,2,Spectral QNN + SupCon,5,Grass-trees,0.8733766233766234,0.7524475524475525,0.8084147257700977,715,0.7524475524475525,0.9090909090909092,0.7692307692307693,0.8333333333333334,0.7692307692307693,0.03571428571428581,0.016783216783216814,0.024918607563235717,0.016783216783216814,17.816804407713537,12.000000000000023
indian_pines,5,2,Spectral QNN + SupCon,6,Grass-pasture-mowed,0.240506329113924,1.0,0.3877551020408163,19,1.0,0.25,1.0,0.4,1.0,0.009493670886076,0.0,0.01224489795918371,0.0,0.23265306122449048,0.0
indian_pines,5,2,Spectral QNN + SupCon,7,Hay-windrowed,0.8819047619047619,1.0,0.937246963562753,463,1.0,0.8589981447124304,1.0,0.9241516966067864,1.0,-0.022906617192331447,0.0,-0.013095266955966633,0.0,-6.063108600612551,0.0
indian_pines,5,2,Spectral QNN + SupCon,8,Oats,0.0670391061452514,1.0,0.1256544502617801,12,1.0,0.0727272727272727,1.0,0.135593220338983,1.0,0.005688166582021301,0.0,0.009938770077202896,0.0,0.11926524092643476,0.0
indian_pines,5,2,Spectral QNN + SupCon,9,Soybean-notill,0.8086185044359949,0.6666666666666666,0.7308132875143184,957,0.6666666666666666,0.7474860335195531,0.6990595611285266,0.7224622030237581,0.6990595611285266,-0.061132470916441806,0.03239289446186,-0.008351084490560323,0.03239289446186,-7.9919878574662295,31.00000000000002
indian_pines,5,2,Spectral QNN + SupCon,10,Soybean-mintill,0.8292134831460675,0.7561475409836066,0.7909967845659164,2440,0.7561475409836066,0.8200089325591782,0.7524590163934426,0.7847830733062621,0.7524590163934426,-0.009204550586889293,-0.0036885245901639996,-0.006213711259654309,-0.0036885245901639996,-15.161455473556513,-9.00000000000016
indian_pines,5,2,Spectral QNN + SupCon,11,Soybean-clean,0.5032894736842105,0.2647058823529412,0.3469387755102041,578,0.2647058823529412,0.4870317002881844,0.2923875432525951,0.3654054054054054,0.2923875432525951,-0.01625777339602613,0.027681660899653904,0.018466629895201314,0.027681660899653904,10.673712079426359,15.999999999999956
indian_pines,5,2,Spectral QNN + SupCon,12,Wheat,0.4279279279279279,1.0,0.5993690851735016,190,1.0,0.6129032258064516,1.0,0.76,1.0,0.18497529787852374,0.0,0.16063091482649838,0.0,30.519873817034693,0.0
indian_pines,5,2,Spectral QNN + SupCon,13,Woods,0.8426183844011143,0.968,0.9009679821295606,1250,0.968,0.7965194109772423,0.952,0.8673469387755102,0.952,-0.046098973423871925,-0.016000000000000014,-0.03362104335405047,-0.016000000000000014,-42.02630419256309,-20.000000000000018
indian_pines,5,2,Spectral QNN + SupCon,14,Buildings-Grass-Trees-Drives,0.4302325581395348,0.9973045822102424,0.6011372867587328,371,0.9973045822102424,0.4875164257555847,1.0,0.6554770318021201,1.0,0.057283867616049866,0.0026954177897575704,0.054339745043387344,0.0026954177897575704,20.160045411096704,1.0000000000000586
indian_pines,5,2,Spectral QNN + SupCon,15,Stone-Steel-Towers,0.227405247813411,1.0,0.3705463182897862,78,1.0,0.2085561497326203,1.0,0.3451327433628318,1.0,-0.018849098080790716,0.0,-0.025413574926954396,0.0,-1.982258844302443,0.0
indian_pines,5,3,Spectral QNN + SupCon,0,Alfalfa,0.3203883495145631,1.0,0.4852941176470588,33,1.0,0.336734693877551,1.0,0.5038167938931297,1.0,0.01634634436298793,0.0,0.0185226762460709,0.0,0.6112483161203397,0.0
indian_pines,5,3,Spectral QNN + SupCon,1,Corn-notill,0.9017580144777664,0.6171266808209483,0.7327731092436974,1413,0.6171266808209483,0.9178571428571428,0.5456475583864119,0.6844207723035952,0.5456475583864119,0.016099128379376437,-0.07147912243453647,-0.048352336940102214,-0.07147912243453647,-68.32185209636442,-101.00000000000003
indian_pines,5,3,Spectral QNN + SupCon,2,Corn-mintill,0.3102362204724409,0.4834355828220859,0.3779376498800959,815,0.4834355828220859,0.2861736334405145,0.4368098159509202,0.3457989315201554,0.4368098159509202,-0.02406258703192643,-0.04662576687116565,-0.03213871835994053,-0.04662576687116565,-26.193055463351534,-38.00000000000001
indian_pines,5,3,Spectral QNN + SupCon,3,Corn,0.8825910931174089,0.981981981981982,0.929637526652452,222,0.981981981981982,0.8866396761133604,0.9864864864864864,0.9339019189765458,0.9864864864864864,0.004048582995951455,0.0045045045045043475,0.004264392324093813,0.0045045045045043475,0.9466950959488265,0.9999999999999651
indian_pines,5,3,Spectral QNN + SupCon,4,Grass-pasture,0.5763888888888888,0.7094017094017094,0.6360153256704981,468,0.7094017094017094,0.6417624521072797,0.7158119658119658,0.6767676767676768,0.7158119658119658,0.06537356321839083,0.0064102564102563875,0.040752351097178674,0.0064102564102563875,19.07210031347962,2.9999999999999893
indian_pines,5,3,Spectral QNN + SupCon,5,Grass-trees,0.751357220412595,0.967832167832168,0.8459657701711492,715,0.967832167832168,0.7546961325966851,0.9552447552447552,0.8432098765432099,0.9552447552447552,0.0033389121840901037,-0.012587412587412805,-0.0027558936279392654,-0.012587412587412805,-1.9704639439765748,-9.000000000000156
indian_pines,5,3,Spectral QNN + SupCon,6,Grass-pasture-mowed,0.3653846153846153,1.0,0.5352112676056338,19,1.0,0.3877551020408163,1.0,0.5588235294117647,1.0,0.022370486656201005,0.0,0.023612261806130963,0.0,0.4486329743164883,0.0
indian_pines,5,3,Spectral QNN + SupCon,7,Hay-windrowed,1.0,0.9870410367170628,0.9934782608695653,463,0.9870410367170628,1.0,0.9978401727861772,0.9989189189189188,0.9978401727861772,0.0,0.010799136069114423,0.005440658049353564,0.010799136069114423,2.5190246768507,4.999999999999978
indian_pines,5,3,Spectral QNN + SupCon,8,Oats,0.1132075471698113,1.0,0.2033898305084746,12,1.0,0.081081081081081,1.0,0.15,1.0,-0.03212646608873029,0.0,-0.053389830508474595,0.0,-0.6406779661016951,0.0
indian_pines,5,3,Spectral QNN + SupCon,9,Soybean-notill,0.75,0.6927899686520376,0.7202607278652906,957,0.6927899686520376,0.7222808870116156,0.7147335423197492,0.7184873949579832,0.7147335423197492,-0.027719112988384365,0.021943573667711602,-0.0017733329073074122,0.021943573667711602,-1.6970795922931936,21.000000000000004
indian_pines,5,3,Spectral QNN + SupCon,10,Soybean-mintill,0.9391741071428572,0.6897540983606557,0.7953686200378072,2440,0.6897540983606557,0.9412706887346504,0.7225409836065574,0.8175284025040574,0.7225409836065574,0.0020965815917931563,0.032786885245901676,0.022159782466250277,0.032786885245901676,54.06986921765068,80.00000000000009
indian_pines,5,3,Spectral QNN + SupCon,11,Soybean-clean,0.8164556962025317,0.4463667820069204,0.5771812080536913,578,0.4463667820069204,0.7227979274611399,0.4826989619377163,0.578838174273859,0.4826989619377163,-0.09365776874139176,0.03633217993079585,0.0016569662201676438,0.03633217993079585,0.9577264752568981,21.0
indian_pines,5,3,Spectral QNN + SupCon,12,Wheat,0.2567567567567567,1.0,0.4086021505376344,190,1.0,0.2900763358778626,1.0,0.4497041420118343,1.0,0.03331957912110589,0.0,0.041101991474199906,0.0,7.809378380097982,0.0
indian_pines,5,3,Spectral QNN + SupCon,13,Woods,0.9856194690265486,0.7128,0.8272980501392758,1250,0.7128,0.9812775330396476,0.7128,0.8257645968489342,0.7128,-0.004341935986901024,0.0,-0.001533453290341602,0.0,-1.9168166129270026,0.0
indian_pines,5,3,Spectral QNN + SupCon,14,Buildings-Grass-Trees-Drives,0.967741935483871,0.9703504043126684,0.9690444145356664,371,0.9703504043126684,0.8665105386416861,0.9973045822102424,0.9273182957393484,0.9973045822102424,-0.10123139684218485,0.02695417789757404,-0.041726118796317935,0.02695417789757404,-15.480390073433954,9.999999999999968
indian_pines,5,3,Spectral QNN + SupCon,15,Stone-Steel-Towers,0.2460567823343848,1.0,0.3949367088607595,78,1.0,0.2492012779552715,1.0,0.3989769820971867,1.0,0.0031444956208867003,0.0,0.004040273236427194,0.0,0.31514131244132115,0.0
indian_pines,5,4,Spectral QNN + SupCon,0,Alfalfa,0.12890625,1.0,0.2283737024221453,33,1.0,0.12890625,1.0,0.2283737024221453,1.0,0.0,0.0,0.0,0.0,0.0,0.0
indian_pines,5,4,Spectral QNN + SupCon,1,Corn-notill,0.6654411764705882,0.5123849964614295,0.578968412634946,1413,0.5123849964614295,0.7251908396946565,0.4706298655343241,0.5708154506437768,0.4706298655343241,0.05974966322406827,-0.04175513092710542,-0.008152961991169216,-0.04175513092710542,-11.520135293522102,-58.99999999999996
indian_pines,5,4,Spectral QNN + SupCon,2,Corn-mintill,0.9022556390977444,0.4417177914110429,0.5930807248764415,815,0.4417177914110429,0.8592321755027422,0.5766871165644172,0.6901615271659325,0.5766871165644172,-0.0430234635950022,0.1349693251533743,0.09708080228949101,0.1349693251533743,79.12085386593517,110.00000000000004
indian_pines,5,4,Spectral QNN + SupCon,3,Corn,0.7062937062937062,0.90990990990991,0.7952755905511811,222,0.90990990990991,0.6516129032258065,0.90990990990991,0.7593984962406015,0.90990990990991,-0.0546808030678998,0.0,-0.035877094310579616,0.0,-7.964714936948675,0.0
indian_pines,5,4,Spectral QNN + SupCon,4,Grass-pasture,0.6853448275862069,0.6794871794871795,0.6824034334763949,468,0.6794871794871795,0.6624737945492662,0.6752136752136753,0.6687830687830688,0.6752136752136753,-0.022871033036940602,-0.004273504273504258,-0.01362036469332606,-0.004273504273504258,-6.374330676476596,-1.999999999999993
indian_pines,5,4,Spectral QNN + SupCon,5,Grass-trees,0.7901554404145078,0.8531468531468531,0.82044384667115,715,0.8531468531468531,0.8025806451612904,0.8699300699300699,0.8348993288590604,0.8699300699300699,0.012425204746782548,0.016783216783216814,0.014455482187910373,0.016783216783216814,10.335669764355917,12.000000000000023
indian_pines,5,4,Spectral QNN + SupCon,6,Grass-pasture-mowed,0.3064516129032258,1.0,0.4691358024691358,19,1.0,0.2923076923076923,1.0,0.4523809523809524,1.0,-0.014143920595533488,0.0,-0.016754850088183393,0.0,-0.31834215167548446,0.0
indian_pines,5,4,Spectral QNN + SupCon,7,Hay-windrowed,0.8357400722021661,1.0,0.9105211406096362,463,1.0,0.8024263431542461,1.0,0.8903846153846153,1.0,-0.03331372904791996,0.0,-0.02013652522502085,0.0,-9.323211179184653,0.0
indian_pines,5,4,Spectral QNN + SupCon,8,Oats,0.1081081081081081,1.0,0.1951219512195122,12,1.0,0.136986301369863,0.8333333333333334,0.2352941176470588,0.8333333333333334,0.028878193261754906,-0.16666666666666663,0.04017216642754659,-0.16666666666666663,0.4820659971305591,-1.9999999999999996
indian_pines,5,4,Spectral QNN + SupCon,9,Soybean-notill,0.8112745098039216,0.6917450365726228,0.7467569091934574,957,0.6917450365726228,0.8249075215782984,0.6990595611285266,0.7567873303167421,0.6990595611285266,0.013633011774376813,0.007314524555903867,0.010030421123284672,0.007314524555903867,9.59911301498343,7.000000000000001
indian_pines,5,4,Spectral QNN + SupCon,10,Soybean-mintill,0.8729005901044031,0.7881147540983606,0.8283437432694378,2440,0.7881147540983606,0.8586365537432037,0.8413934426229508,0.8499275512316291,0.8413934426229508,-0.01426403636119944,0.05327868852459017,0.02158380796219128,0.05327868852459017,52.664491427746725,130.0
indian_pines,5,4,Spectral QNN + SupCon,11,Soybean-clean,0.659942363112392,0.7923875432525952,0.720125786163522,578,0.7923875432525952,0.6587436332767402,0.671280276816609,0.6649528706083976,0.671280276816609,-0.001198729835651724,-0.12110726643598624,-0.05517291555512438,-0.12110726643598624,-31.88994519086189,-70.00000000000004
indian_pines,5,4,Spectral QNN + SupCon,12,Wheat,0.3119868637110016,1.0,0.4755944931163955,190,1.0,0.475,1.0,0.6440677966101694,1.0,0.16301313628899838,0.0,0.16847330349377393,0.0,32.009927663817045,0.0
indian_pines,5,4,Spectral QNN + SupCon,13,Woods,0.995656894679696,0.7336,0.8447719944725933,1250,0.7336,0.9792349726775956,0.7168,0.8277136258660508,0.7168,-0.016421922002100353,-0.016800000000000037,-0.01705836860654253,-0.016800000000000037,-21.322960758178162,-21.000000000000046
indian_pines,5,4,Spectral QNN + SupCon,14,Buildings-Grass-Trees-Drives,0.6157894736842106,0.9460916442048516,0.7460148777895855,371,0.9460916442048516,0.5425219941348973,0.9973045822102424,0.7027540360873694,0.9973045822102424,-0.07326747954931323,0.05121293800539084,-0.04326084170221611,0.05121293800539084,-16.049772271522176,19.0
indian_pines,5,4,Spectral QNN + SupCon,15,Stone-Steel-Towers,0.3561643835616438,1.0,0.5252525252525253,78,1.0,0.3263598326359833,1.0,0.4921135646687697,1.0,-0.029804550925660533,0.0,-0.033138960583755595,0.0,-2.5848389255329365,0.0
indian_pines,10,0,Spectral QNN + SupCon,0,Alfalfa,0.2871287128712871,1.0,0.4461538461538462,29,1.0,0.2636363636363636,1.0,0.4172661870503597,1.0,-0.023492349234923493,0.0,-0.02888765910348645,0.0,-0.8377421140011071,0.0
indian_pines,10,0,Spectral QNN + SupCon,1,Corn-notill,0.7874015748031497,0.7102272727272727,0.7468259895444361,1408,0.7102272727272727,0.7901639344262295,0.6846590909090909,0.7336377473363774,0.6846590909090909,0.002762359623079802,-0.025568181818181768,-0.013188242208058698,-0.025568181818181768,-18.569045028946647,-35.99999999999993
indian_pines,10,0,Spectral QNN + SupCon,2,Corn-mintill,0.7932692307692307,0.8148148148148148,0.8038976857490865,810,0.8148148148148148,0.930835734870317,0.7975308641975308,0.8590425531914894,0.7975308641975308,0.13756650410108628,-0.01728395061728394,0.05514486744240288,-0.01728395061728394,44.66734262834633,-13.99999999999999
indian_pines,10,0,Spectral QNN + SupCon,3,Corn,0.7824427480916031,0.9447004608294932,0.8559498956158664,217,0.9447004608294932,0.819672131147541,0.9216589861751152,0.8676789587852495,0.9216589861751152,0.037229383055937926,-0.023041474654378002,0.011729063169383047,-0.023041474654378002,2.545206707756121,-5.000000000000027
indian_pines,10,0,Spectral QNN + SupCon,4,Grass-pasture,0.941031941031941,0.8272138228941684,0.8804597701149425,463,0.8272138228941684,0.8818181818181818,0.838012958963283,0.8593576965669989,0.838012958963283,-0.059213759213759154,0.010799136069114534,-0.02110207354794358,0.010799136069114534,-9.770260052697877,5.000000000000029
indian_pines,10,0,Spectral QNN + SupCon,5,Grass-trees,0.8181818181818182,0.9253521126760564,0.8684732319894249,710,0.9253521126760564,0.8479685452162516,0.9112676056338028,0.878479293957909,0.9112676056338028,0.029786727034433413,-0.014084507042253613,0.010006061968484081,-0.014084507042253613,7.104303997623697,-10.000000000000066
indian_pines,10,0,Spectral QNN + SupCon,6,Grass-pasture-mowed,0.2272727272727272,1.0,0.3703703703703703,15,1.0,0.2272727272727272,1.0,0.3703703703703703,1.0,0.0,0.0,0.0,0.0,0.0,0.0
indian_pines,10,0,Spectral QNN + SupCon,7,Hay-windrowed,0.9934924078091106,1.0,0.9967355821545156,458,1.0,0.9956521739130436,1.0,0.9978213507625272,1.0,0.0021597661039329807,0.0,0.0010857686080115725,0.0,0.4972820224693002,0.0
indian_pines,10,0,Spectral QNN + SupCon,8,Oats,0.1428571428571428,1.0,0.25,8,1.0,0.125,0.875,0.21875,0.875,-0.017857142857142794,-0.125,-0.03125,-0.125,-0.25,-1.0
indian_pines,10,0,Spectral QNN + SupCon,9,Soybean-notill,0.7909875359539789,0.8665966386554622,0.8270676691729323,952,0.8665966386554622,0.7432675044883303,0.8697478991596639,0.8015488867376573,0.8697478991596639,-0.047720031465648516,0.0031512605042016695,-0.025518782435274945,0.0031512605042016695,-24.29388087838175,2.9999999999999893
indian_pines,10,0,Spectral QNN + SupCon,10,Soybean-mintill,0.9299287410926366,0.6431211498973306,0.7603787327021122,2435,0.6431211498973306,0.9314185228604924,0.6525667351129364,0.7674474764549626,0.6525667351129364,0.0014897817678558578,0.00944558521560579,0.007068743752850382,0.00944558521560579,17.212391038190678,23.000000000000096
indian_pines,10,0,Spectral QNN + SupCon,11,Soybean-clean,0.5457570715474209,0.5724258289703316,0.5587734241908007,573,0.5724258289703316,0.4408602150537634,0.5008726003490401,0.468954248366013,0.5008726003490401,-0.10489685649365754,-0.07155322862129143,-0.08981917582478766,-0.07155322862129143,-51.46638774760333,-40.99999999999999
indian_pines,10,0,Spectral QNN + SupCon,12,Wheat,0.7283464566929134,1.0,0.8428246013667426,185,1.0,0.7007575757575758,1.0,0.8240534521158129,1.0,-0.027588880935337623,0.0,-0.01877114925092971,0.0,-3.4726626114219963,0.0
indian_pines,10,0,Spectral QNN + SupCon,13,Woods,0.967741935483871,0.8433734939759037,0.9012875536480688,1245,0.8433734939759037,0.964221824686941,0.8658634538152611,0.9123994921709692,0.8658634538152611,-0.0035201107969300427,0.02248995983935742,0.011111938522900378,0.02248995983935742,13.83436346101097,27.99999999999999
indian_pines,10,0,Spectral QNN + SupCon,14,Buildings-Grass-Trees-Drives,0.4444444444444444,0.994535519125683,0.6143459915611814,366,0.994535519125683,0.4396551724137931,0.9754098360655736,0.6061120543293718,0.9754098360655736,-0.004789272030651326,-0.019125683060109422,-0.008233937231809652,-0.019125683060109422,-3.0136210268423325,-7.000000000000048
indian_pines,10,0,Spectral QNN + SupCon,15,Stone-Steel-Towers,0.3596059113300492,1.0,0.5289855072463768,73,1.0,0.3187772925764192,1.0,0.4834437086092715,1.0,-0.04082861875363003,0.0,-0.045541798637105335,0.0,-3.3245513005086895,0.0
indian_pines,10,1,Spectral QNN + SupCon,0,Alfalfa,0.1790123456790123,1.0,0.3036649214659686,29,1.0,0.2436974789915966,1.0,0.3918918918918919,1.0,0.0646851333125843,0.0,0.08822697042592331,0.0,2.558582142351776,0.0
indian_pines,10,1,Spectral QNN + SupCon,1,Corn-notill,0.7646536412078153,0.6115056818181818,0.6795580110497238,1408,0.6115056818181818,0.7954545454545454,0.6463068181818182,0.713166144200627,0.6463068181818182,0.0308009042467301,0.034801136363636465,0.03360813315090316,0.034801136363636465,47.320251476471654,49.00000000000014
indian_pines,10,1,Spectral QNN + SupCon,2,Corn-mintill,0.5810663764961915,0.6592592592592592,0.6176980913823019,810,0.6592592592592592,0.6770963704630788,0.6679012345679012,0.6724673710379118,0.6679012345679012,0.09602999396688727,0.00864197530864197,0.05476927965560985,0.00864197530864197,44.36311652104398,6.999999999999995
indian_pines,10,1,Spectral QNN + SupCon,3,Corn,0.6536144578313253,1.0,0.7905282331511839,217,1.0,0.5977961432506887,1.0,0.7482758620689656,1.0,-0.055818314580636574,0.0,-0.042252371082218354,0.0,-9.168764524841382,0.0
indian_pines,10,1,Spectral QNN + SupCon,4,Grass-pasture,0.9151515151515152,0.652267818574514,0.7616645649432535,463,0.652267818574514,0.9869281045751634,0.652267818574514,0.7854356306892067,0.652267818574514,0.07177658942364828,0.0,0.023771065745953224,0.0,11.006003440376343,0.0
indian_pines,10,1,Spectral QNN + SupCon,5,Grass-trees,0.8020050125313283,0.9014084507042254,0.8488063660477454,710,0.9014084507042254,0.7736526946107785,0.9098591549295776,0.8362459546925566,0.9098591549295776,-0.02835231792054982,0.008450704225352212,-0.012560411355188816,0.008450704225352212,-8.917892062184059,6.000000000000071
indian_pines,10,1,Spectral QNN + SupCon,6,Grass-pasture-mowed,0.2083333333333333,1.0,0.3448275862068966,15,1.0,0.1973684210526315,1.0,0.3296703296703296,1.0,-0.010964912280701788,0.0,-0.015157256536566965,0.0,-0.22735884804850448,0.0
indian_pines,10,1,Spectral QNN + SupCon,7,Hay-windrowed,0.8910505836575876,1.0,0.9423868312757202,458,1.0,0.899803536345776,1.0,0.9472595656670114,1.0,0.008752952688188431,0.0,0.004872734391291211,0.0,2.2317123512113746,0.0
indian_pines,10,1,Spectral QNN + SupCon,8,Oats,0.1702127659574468,1.0,0.2909090909090909,8,1.0,0.1159420289855072,1.0,0.2077922077922078,1.0,-0.0542707369719396,0.0,-0.08311688311688309,0.0,-0.6649350649350647,0.0
indian_pines,10,1,Spectral QNN + SupCon,9,Soybean-notill,0.6280623608017817,0.8886554621848739,0.7359721618094824,952,0.8886554621848739,0.6613290632506005,0.8676470588235294,0.7505679236710586,0.8676470588235294,0.0332667024488188,-0.021008403361344463,0.014595761861576184,-0.021008403361344463,13.895165292220527,-19.99999999999993
indian_pines,10,1,Spectral QNN + SupCon,10,Soybean-mintill,0.984005118362124,0.6316221765913758,0.7693846923461731,2435,0.6316221765913758,0.9889083479276124,0.6956878850102669,0.8167791706846673,0.6956878850102669,0.004903229565488387,0.06406570841889114,0.047394478338494195,0.06406570841889114,115.40555475423336,155.99999999999994
indian_pines,10,1,Spectral QNN + SupCon,11,Soybean-clean,0.7510373443983402,0.631762652705061,0.6862559241706161,573,0.631762652705061,0.813141683778234,0.6910994764397905,0.7471698113207547,0.6910994764397905,0.06210433937989379,0.05933682373472948,0.06091388715013857,0.05933682373472948,34.9036573370294,33.99999999999999
indian_pines,10,1,Spectral QNN + SupCon,12,Wheat,0.5240793201133145,1.0,0.6877323420074349,185,1.0,0.5196629213483146,1.0,0.6839186691312384,1.0,-0.004416398764999885,0.0,-0.0038136728761964944,0.0,-0.7055294820963515,0.0
indian_pines,10,1,Spectral QNN + SupCon,13,Woods,0.9461172741679872,0.9590361445783132,0.9525329078579976,1245,0.9590361445783132,0.92372234935164,0.9726907630522088,0.9475743348982786,0.9726907630522088,-0.022394924816347195,0.013654618473895597,-0.004958572959719021,0.013654618473895597,-6.173423334850181,17.000000000000018
indian_pines,10,1,Spectral QNN + SupCon,14,Buildings-Grass-Trees-Drives,0.6917148362235067,0.9808743169398908,0.8112994350282486,366,0.9808743169398908,0.6992337164750958,0.9972677595628416,0.8220720720720721,0.9972677595628416,0.0075188802515890885,0.016393442622950838,0.010772637043823474,0.016393442622950838,3.9427851580393916,6.000000000000007
indian_pines,10,1,Spectral QNN + SupCon,15,Stone-Steel-Towers,0.6033057851239669,1.0,0.7525773195876289,73,1.0,0.8202247191011236,1.0,0.9012345679012346,1.0,0.21691893397715667,0.0,0.14865724831360572,0.0,10.851979126893218,0.0
indian_pines,10,2,Spectral QNN + SupCon,0,Alfalfa,0.4084507042253521,1.0,0.58,29,1.0,0.4202898550724637,1.0,0.5918367346938775,1.0,0.011839150847111568,0.0,0.011836734693877582,0.0,0.3432653061224499,0.0
indian_pines,10,2,Spectral QNN + SupCon,1,Corn-notill,0.8124076809453471,0.78125,0.7965242577842143,1408,0.78125,0.7964113181504486,0.8196022727272727,0.807840392019601,0.8196022727272727,-0.015996362794898467,0.03835227272727271,0.011316134235386688,0.03835227272727271,15.933117003424456,53.99999999999997
indian_pines,10,2,Spectral QNN + SupCon,2,Corn-mintill,0.7475083056478405,0.8333333333333334,0.7880910683012259,810,0.8333333333333334,0.9642857142857144,0.8333333333333334,0.8940397350993378,0.8333333333333334,0.21677740863787387,0.0,0.10594866679811188,0.0,85.81842010647063,0.0
indian_pines,10,2,Spectral QNN + SupCon,3,Corn,0.995260663507109,0.967741935483871,0.9813084112149532,217,0.967741935483871,0.8765432098765432,0.9815668202764976,0.9260869565217392,0.9815668202764976,-0.11871745363056574,0.013824884792626557,-0.055221454693213934,0.013824884792626557,-11.983055668427424,2.9999999999999627
indian_pines,10,2,Spectral QNN + SupCon,4,Grass-pasture,0.9175946547884188,0.8898488120950324,0.9035087719298246,463,0.8898488120950324,0.9433962264150944,0.8639308855291576,0.9019165727170236,0.8639308855291576,0.025801571626675512,-0.02591792656587477,-0.0015921992128009599,-0.02591792656587477,-0.7371882355268444,-12.00000000000002
indian_pines,10,2,Spectral QNN + SupCon,5,Grass-trees,0.899488926746167,0.7436619718309859,0.8141865844255975,710,0.7436619718309859,0.9207119741100324,0.8014084507042254,0.8569277108433735,0.8014084507042254,0.021223047363865377,0.05774647887323947,0.04274112641777594,0.05774647887323947,30.34619975662092,41.00000000000002
indian_pines,10,2,Spectral QNN + SupCon,6,Grass-pasture-mowed,0.4166666666666667,1.0,0.5882352941176471,15,1.0,0.2941176470588235,1.0,0.4545454545454545,1.0,-0.1225490196078432,0.0,-0.1336898395721926,0.0,-2.005347593582889,0.0
indian_pines,10,2,Spectral QNN + SupCon,7,Hay-windrowed,0.9913419913419912,1.0,0.9956521739130436,458,1.0,0.94824016563147,1.0,0.973432518597237,1.0,-0.043101825710521235,0.0,-0.022219655315806608,0.0,-10.176602134639426,0.0
indian_pines,10,2,Spectral QNN + SupCon,8,Oats,0.0432432432432432,1.0,0.082901554404145,8,1.0,0.0473372781065088,1.0,0.0903954802259887,1.0,0.004094034863265601,0.0,0.007493925821843703,0.0,0.05995140657474962,0.0
indian_pines,10,2,Spectral QNN + SupCon,9,Soybean-notill,0.8638392857142857,0.8130252100840336,0.8376623376623377,952,0.8130252100840336,0.8954022988505748,0.8182773109243697,0.8551042810098792,0.8182773109243697,0.031563013136289064,0.005252100840336116,0.017441943347541566,0.005252100840336116,16.60473006685957,4.999999999999982
indian_pines,10,2,Spectral QNN + SupCon,10,Soybean-mintill,0.968861664114344,0.7794661190965092,0.863905325443787,2435,0.7794661190965092,0.9641956631366616,0.7852156057494867,0.8655500226346763,0.7852156057494867,-0.0046660009776824385,0.005749486652977476,0.0016446971908893326,0.005749486652977476,4.004837659815525,14.000000000000153
indian_pines,10,2,Spectral QNN + SupCon,11,Soybean-clean,0.8729729729729729,0.5636998254799301,0.6850477200424178,573,0.5636998254799301,0.845360824742268,0.5724258289703316,0.6826222684703434,0.5724258289703316,-0.027612148230704903,0.008726003490401424,-0.0024254515720744108,0.008726003490401424,-1.3897837507986375,5.000000000000016
indian_pines,10,2,Spectral QNN + SupCon,12,Wheat,0.6423611111111112,1.0,0.7822410147991543,185,1.0,0.7939914163090128,1.0,0.8851674641148325,1.0,0.15163030519790166,0.0,0.10292644931567818,0.0,19.041393123400464,0.0
indian_pines,10,2,Spectral QNN + SupCon,13,Woods,0.899184581171238,0.97429718875502,0.9352351580570548,1245,0.97429718875502,0.8804581245526127,0.9879518072289156,0.93111279333838,0.9879518072289156,-0.018726456618625265,0.013654618473895597,-0.004122364718674776,0.013654618473895597,-5.132344074750096,17.000000000000018
indian_pines,10,2,Spectral QNN + SupCon,14,Buildings-Grass-Trees-Drives,0.6332179930795848,1.0,0.7754237288135594,366,1.0,0.5893719806763285,1.0,0.7416413373860182,1.0,-0.04384601240325636,0.0,-0.033782391427541136,0.0,-12.364355262480055,0.0
indian_pines,10,2,Spectral QNN + SupCon,15,Stone-Steel-Towers,0.2931726907630522,1.0,0.453416149068323,73,1.0,0.2931726907630522,1.0,0.453416149068323,1.0,0.0,0.0,0.0,0.0,0.0,0.0
indian_pines,10,3,Spectral QNN + SupCon,0,Alfalfa,0.1736526946107784,1.0,0.2959183673469387,29,1.0,0.1746987951807229,1.0,0.2974358974358974,1.0,0.0010461005699445025,0.0,0.001517530088958663,0.0,0.044008372579801225,0.0
indian_pines,10,3,Spectral QNN + SupCon,1,Corn-notill,0.6592071611253197,0.7322443181818182,0.6938088829071333,1408,0.7322443181818182,0.8067556952081697,0.7294034090909091,0.7661320402834764,0.7294034090909091,0.14754853408284996,-0.0028409090909091717,0.0723231573763431,-0.0028409090909091717,101.83100558589108,-4.000000000000114
indian_pines,10,3,Spectral QNN + SupCon,2,Corn-mintill,0.9319470699432892,0.608641975308642,0.736370425690814,810,0.608641975308642,0.7797783933518005,0.6950617283950618,0.7349869451697127,0.6950617283950618,-0.1521686765914887,0.0864197530864198,-0.0013834805211012657,0.0864197530864198,-1.1206192220920252,70.00000000000004
indian_pines,10,3,Spectral QNN + SupCon,3,Corn,0.7667844522968198,1.0,0.868,217,1.0,0.8443579766536965,1.0,0.9156118143459916,1.0,0.0775735243568767,0.0,0.0476118143459916,0.0,10.331763713080177,0.0
indian_pines,10,3,Spectral QNN + SupCon,4,Grass-pasture,0.9026128266033254,0.8207343412526998,0.8597285067873304,463,0.8207343412526998,0.9252336448598132,0.8552915766738661,0.8888888888888888,0.8552915766738661,0.022620818256487762,0.03455723542116629,0.02916038210155847,0.03455723542116629,13.501256913021571,15.999999999999991
indian_pines,10,3,Spectral QNN + SupCon,5,Grass-trees,0.7491961414790996,0.9845070422535211,0.8508825319537432,710,0.9845070422535211,0.735632183908046,0.991549295774648,0.8446310737852429,0.991549295774648,-0.013563957571053664,0.007042253521126862,-0.006251458168500257,0.007042253521126862,-4.438535299635182,5.000000000000072
indian_pines,10,3,Spectral QNN + SupCon,6,Grass-pasture-mowed,0.2631578947368421,1.0,0.4166666666666667,15,1.0,0.3,1.0,0.4615384615384615,1.0,0.0368421052631579,0.0,0.04487179487179482,0.0,0.6730769230769224,0.0
indian_pines,10,3,Spectral QNN + SupCon,7,Hay-windrowed,0.921529175050302,1.0,0.9591623036649216,458,1.0,0.9366053169734152,1.0,0.9672650475184794,1.0,0.01507614192311324,0.0,0.008102743853557803,0.0,3.711056684929474,0.0
indian_pines,10,3,Spectral QNN + SupCon,8,Oats,0.2051282051282051,1.0,0.3404255319148936,8,1.0,0.2758620689655172,1.0,0.4324324324324324,1.0,0.07073386383731209,0.0,0.09200690051753879,0.0,0.7360552041403103,0.0
indian_pines,10,3,Spectral QNN + SupCon,9,Soybean-notill,0.7315436241610739,0.8014705882352942,0.7649122807017544,952,0.8014705882352942,0.653781512605042,0.8172268907563025,0.7264239028944911,0.8172268907563025,-0.07776211155603185,0.015756302521008347,-0.03848837780726333,0.015756302521008347,-36.640935672514686,14.999999999999947
indian_pines,10,3,Spectral QNN + SupCon,10,Soybean-mintill,0.9411111111111112,0.6956878850102669,0.8,2435,0.6956878850102669,0.949546485260771,0.6878850102669405,0.7978090021433675,0.6878850102669405,0.00843537414965978,-0.007802874743326416,-0.0021909978566325705,-0.007802874743326416,-5.335079780900309,-18.999999999999822
indian_pines,10,3,Spectral QNN + SupCon,11,Soybean-clean,0.8704103671706264,0.7033158813263525,0.777992277992278,573,0.7033158813263525,0.8336520076481836,0.7609075043630017,0.7956204379562044,0.7609075043630017,-0.036758359522442774,0.05759162303664922,0.017628159963926415,0.05759162303664922,10.100935659329837,33.0
indian_pines,10,3,Spectral QNN + SupCon,12,Wheat,0.4742268041237113,0.9945945945945946,0.6422338568935427,185,0.9945945945945946,0.7034220532319392,1.0,0.8258928571428571,1.0,0.22919524910822786,0.00540540540540535,0.18365900024931436,0.00540540540540535,33.97691504612316,0.9999999999999898
indian_pines,10,3,Spectral QNN + SupCon,13,Woods,0.9945105215004576,0.8730923694779117,0.9298545765611634,1245,0.8730923694779117,0.9888123924268504,0.9228915662650602,0.9547154133776484,0.9228915662650602,-0.005698129073607228,0.0497991967871485,0.024860836816484988,0.0497991967871485,30.95174183652381,61.999999999999886
indian_pines,10,3,Spectral QNN + SupCon,14,Buildings-Grass-Trees-Drives,0.7218934911242604,1.0,0.8384879725085911,366,1.0,0.6918714555765595,1.0,0.8178770949720671,1.0,-0.030022035547700887,0.0,-0.02061087753652402,0.0,-7.543581178367791,0.0
indian_pines,10,3,Spectral QNN + SupCon,15,Stone-Steel-Towers,0.4478527607361963,1.0,0.6186440677966102,73,1.0,0.503448275862069,1.0,0.6697247706422018,1.0,0.055595515125872685,0.0,0.05108070284559163,0.0,3.728891307728189,0.0
indian_pines,10,4,Spectral QNN + SupCon,0,Alfalfa,0.3670886075949367,1.0,0.5370370370370371,29,1.0,0.3186813186813186,1.0,0.4833333333333333,1.0,-0.04840728891361812,0.0,-0.05370370370370381,0.0,-1.5574074074074105,0.0
indian_pines,10,4,Spectral QNN + SupCon,1,Corn-notill,0.7922457937088515,0.7691761363636364,0.7805405405405406,1408,0.7691761363636364,0.851304347826087,0.6953125,0.7654417513682564,0.6953125,0.059058554117235484,-0.07386363636363635,-0.015098789172284133,-0.07386363636363635,-21.25909515457606,-103.99999999999999
indian_pines,10,4,Spectral QNN + SupCon,2,Corn-mintill,0.6889897843359818,0.7493827160493827,0.7179183914843288,810,0.7493827160493827,0.7107438016528925,0.7432098765432099,0.7266143633071817,0.7432098765432099,0.021754017316910734,-0.006172839506172756,0.008695971822852866,-0.006172839506172756,7.043737176510821,-4.9999999999999325
indian_pines,10,4,Spectral QNN + SupCon,3,Corn,0.7455830388692579,0.9723502304147466,0.844,217,0.9723502304147466,0.6445783132530121,0.9861751152073732,0.7795992714025501,0.9861751152073732,-0.10100472561624585,0.013824884792626668,-0.06440072859744983,0.013824884792626668,-13.974958105646612,2.999999999999987
indian_pines,10,4,Spectral QNN + SupCon,4,Grass-pasture,0.9041095890410958,0.8552915766738661,0.8790233074361821,463,0.8552915766738661,0.8926940639269406,0.8444924406047516,0.8679245283018868,0.8444924406047516,-0.011415525114155223,-0.010799136069114534,-0.011098779134295245,-0.010799136069114534,-5.138734739178698,-5.000000000000029
indian_pines,10,4,Spectral QNN + SupCon,5,Grass-trees,0.8417639429312581,0.9140845070422536,0.8764348413234301,710,0.9140845070422536,0.8405612244897959,0.928169014084507,0.8821954484605087,0.928169014084507,-0.0012027184414622472,0.014084507042253391,0.005760607137078599,0.014084507042253391,4.090031067325805,9.999999999999908
indian_pines,10,4,Spectral QNN + SupCon,6,Grass-pasture-mowed,0.3658536585365853,1.0,0.5357142857142857,15,1.0,0.3409090909090909,1.0,0.5084745762711864,1.0,-0.02494456762749442,0.0,-0.02723970944309928,0.0,-0.4085956416464892,0.0
indian_pines,10,4,Spectral QNN + SupCon,7,Hay-windrowed,0.903353057199211,1.0,0.9492227979274612,458,1.0,0.8513011152416357,1.0,0.9196787148594378,1.0,-0.05205194195757534,0.0,-0.029544083068023475,0.0,-13.531190045154752,0.0
indian_pines,10,4,Spectral QNN + SupCon,8,Oats,0.08,1.0,0.1481481481481481,8,1.0,0.1038961038961039,1.0,0.188235294117647,1.0,0.0238961038961039,0.0,0.04008714596949889,0.0,0.3206971677559911,0.0
indian_pines,10,4,Spectral QNN + SupCon,9,Soybean-notill,0.8197320341047503,0.7069327731092437,0.7591652566271856,952,0.7069327731092437,0.8564167725540025,0.707983193277311,0.7751581368602645,0.707983193277311,0.03668473844925224,0.0010504201680672232,0.015992880233078877,0.0010504201680672232,15.22522198189109,0.9999999999999964
indian_pines,10,4,Spectral QNN + SupCon,10,Soybean-mintill,0.9432251908396948,0.8119096509240247,0.8726550430368573,2435,0.8119096509240247,0.936150666054203,0.8369609856262834,0.8837814397224631,0.8369609856262834,-0.007074524785491754,0.025051334702258732,0.011126396685605888,0.025051334702258732,27.092775929450337,61.000000000000014
indian_pines,10,4,Spectral QNN + SupCon,11,Soybean-clean,0.9322916666666666,0.62478184991274,0.7481713688610241,573,0.62478184991274,0.7655310621242485,0.6666666666666666,0.7126865671641791,0.6666666666666666,-0.16676060454241814,0.041884816753926635,-0.03548480169684498,0.041884816753926635,-20.332791372292174,23.99999999999996
indian_pines,10,4,Spectral QNN + SupCon,12,Wheat,0.720164609053498,0.945945945945946,0.8177570093457944,185,0.945945945945946,0.6559139784946236,0.9891891891891892,0.7887931034482759,0.9891891891891892,-0.06425063055887437,0.043243243243243135,-0.028963905897518516,0.043243243243243135,-5.358322591040926,7.99999999999998
indian_pines,10,4,Spectral QNN + SupCon,13,Woods,0.9792013311148088,0.9453815261044176,0.9619942787086228,1245,0.9453815261044176,0.9729272419627748,0.923694779116466,0.9476720230737536,0.923694779116466,-0.006274089152033979,-0.02168674698795159,-0.014322255634869108,-0.02168674698795159,-17.831208265412037,-26.999999999999726
indian_pines,10,4,Spectral QNN + SupCon,14,Buildings-Grass-Trees-Drives,0.7530864197530864,1.0,0.8591549295774648,366,1.0,0.658273381294964,1.0,0.7939262472885033,1.0,-0.09481303845812239,0.0,-0.0652286822889615,0.0,-23.87369771775991,0.0
indian_pines,10,4,Spectral QNN + SupCon,15,Stone-Steel-Towers,0.2943548387096774,1.0,0.454828660436137,73,1.0,0.4397590361445783,1.0,0.6108786610878661,1.0,0.1454041974349009,0.0,0.15605000065172914,0.0,11.391650047576228,0.0
