dataset,model,shot,seed,epoch,residual_scale,residual_warmup_factor,train_loss,train_ce_loss,train_supcon_loss,train_gate_confidence_penalty,train_accuracy,val_loss,val_OA,val_AA,val_Kappa,val_Macro-F1,val_Weighted-F1
salinas,spectral_qnn_confguard_gated_supcon,10,0,1,1.0,1.0,3.0371933221817016,2.9244919300079344,0.545375406742096,0.07252625077962875,0.09375,2.564589524269104,0.1875,0.1875,0.1333333333333333,0.10962086939417781,0.10962086939417781
salinas,spectral_qnn_confguard_gated_supcon,10,0,2,1.0,1.0,2.4327929973602296,2.3236836552619935,0.5266920238733291,0.07541876658797264,0.26875,2.036672532558441,0.4,0.4,0.36,0.32427721277154514,0.3242772127715451
salinas,spectral_qnn_confguard_gated_supcon,10,0,3,1.0,1.0,1.9553314208984376,1.8262449026107788,0.6220048189163208,0.09371126890182495,0.51875,1.5937678217887878,0.74375,0.74375,0.7266666666666667,0.6835219430328126,0.6835219430328126
salinas,spectral_qnn_confguard_gated_supcon,10,0,4,1.0,1.0,1.5165011048316956,1.4085771203041078,0.5086935997009278,0.12370549887418747,0.76875,1.2322367906570435,0.84375,0.84375,0.8333333333333334,0.8064449917898194,0.8064449917898194
salinas,spectral_qnn_confguard_gated_supcon,10,0,5,1.0,1.0,1.1760506093502046,1.077574038505554,0.45223639607429506,0.1605858787894249,0.86875,0.9433061897754669,0.875,0.875,0.8666666666666667,0.849978724978725,0.849978724978725
salinas,spectral_qnn_confguard_gated_supcon,10,0,6,1.0,1.0,0.9543386042118073,0.8176632523536682,0.6336031526327133,0.19909405708312988,0.8875,0.7279509902000427,0.9125,0.9125,0.9066666666666666,0.9103768318921771,0.9103768318921771
salinas,spectral_qnn_confguard_gated_supcon,10,0,7,1.0,1.0,0.7329116642475129,0.6267005145549774,0.47225462943315505,0.23520437479019166,0.925,0.5715884000062943,0.91875,0.91875,0.9133333333333333,0.9121561917614549,0.9121561917614549
salinas,spectral_qnn_confguard_gated_supcon,10,0,8,1.0,1.0,0.5966412544250488,0.4861785680055618,0.4854219600558281,0.2675656735897064,0.95625,0.46155041754245757,0.93125,0.9312499999999999,0.9266666666666666,0.9287541771094402,0.9287541771094403
salinas,spectral_qnn_confguard_gated_supcon,10,0,9,1.0,1.0,0.482346373796463,0.383328852057457,0.4211745969951153,0.29565209746360777,0.96875,0.38593274652957915,0.925,0.9249999999999999,0.92,0.9244465329991645,0.9244465329991647
salinas,spectral_qnn_confguard_gated_supcon,10,0,10,1.0,1.0,0.4616669863462448,0.3167267233133316,0.6456276923418045,0.3162944853305817,0.96875,0.33273630440235136,0.925,0.9249999999999999,0.92,0.9244465329991645,0.9244465329991647
salinas,spectral_qnn_confguard_gated_supcon,10,0,11,1.0,1.0,0.37633691132068636,0.2641685098409653,0.47766610607504845,0.3327034741640091,0.9625,0.2906049557030201,0.925,0.9249999999999999,0.92,0.9244465329991645,0.9244465329991647
salinas,spectral_qnn_confguard_gated_supcon,10,0,12,1.0,1.0,0.3531627357006073,0.22734353840351104,0.5434805691242218,0.3424615442752838,0.975,0.2691218495368958,0.925,0.9249999999999999,0.92,0.9208375104427735,0.9208375104427736
salinas,spectral_qnn_confguard_gated_supcon,10,0,13,1.0,1.0,0.304823437333107,0.19707058668136596,0.4514958307147026,0.34907365441322324,0.975,0.2404853507876396,0.925,0.9249999999999999,0.92,0.9244465329991645,0.9244465329991647
salinas,spectral_qnn_confguard_gated_supcon,10,0,14,1.0,1.0,0.294437350332737,0.1755598746240139,0.5063843727111816,0.35201185941696167,0.96875,0.2259970348328352,0.925,0.925,0.92,0.9243373585478848,0.9243373585478848
salinas,spectral_qnn_confguard_gated_supcon,10,0,15,1.0,1.0,0.2617477536201477,0.15470393747091293,0.4469036519527435,0.35326178669929503,0.975,0.21074946448206902,0.93125,0.9312499999999999,0.9266666666666666,0.931077694235589,0.931077694235589
salinas,spectral_qnn_confguard_gated_supcon,10,0,16,1.0,1.0,0.26046914160251616,0.1417435348033905,0.5054707989096642,0.3526288717985153,0.96875,0.20252837464213372,0.93125,0.9312499999999999,0.9266666666666666,0.931077694235589,0.931077694235589
salinas,spectral_qnn_confguard_gated_supcon,10,0,17,1.0,1.0,0.25287502110004423,0.12890805006027223,0.5320694163441658,0.35106184184551237,0.975,0.20245967097580433,0.91875,0.91875,0.9133333333333333,0.9171361908607836,0.9171361908607836
salinas,spectral_qnn_confguard_gated_supcon,10,0,18,1.0,1.0,0.22748794555664062,0.11432511284947396,0.47891212850809095,0.3476081401109695,0.98125,0.1879392523318529,0.93125,0.9312499999999999,0.9266666666666666,0.931077694235589,0.931077694235589
salinas,spectral_qnn_confguard_gated_supcon,10,0,19,1.0,1.0,0.24182658046483993,0.10674328058958053,0.58958241045475,0.3433364063501358,0.98125,0.18297243416309356,0.93125,0.9312499999999999,0.9266666666666666,0.931077694235589,0.931077694235589
salinas,spectral_qnn_confguard_gated_supcon,10,0,20,1.0,1.0,0.24195535182952882,0.09948240220546722,0.628261610865593,0.3364124923944473,0.98125,0.1825340846553445,0.925,0.925,0.92,0.9243373585478848,0.9243373585478848
salinas,spectral_qnn_confguard_gated_supcon,10,0,21,1.0,1.0,0.2407529756426811,0.0888384860008955,0.6770626932382584,0.33003892600536344,0.98125,0.17211899887770415,0.93125,0.9312499999999999,0.9266666666666666,0.931077694235589,0.931077694235589
salinas,spectral_qnn_confguard_gated_supcon,10,0,22,1.0,1.0,0.185026104003191,0.08085824251174926,0.440088502317667,0.32300318479537965,0.99375,0.17220290675759314,0.925,0.925,0.92,0.9249686716791979,0.9249686716791979
salinas,spectral_qnn_confguard_gated_supcon,10,0,23,1.0,1.0,0.19423893243074417,0.07707631476223469,0.5069441691040992,0.31547568142414095,0.99375,0.17994703762233258,0.93125,0.9312499999999999,0.9266666666666666,0.9299239146459499,0.9299239146459499
salinas,spectral_qnn_confguard_gated_supcon,10,0,24,1.0,1.0,0.16857608258724213,0.06769687756896019,0.4277816668152809,0.306457382440567,0.9875,0.16898013949394225,0.93125,0.9312499999999999,0.9266666666666666,0.931077694235589,0.931077694235589
salinas,spectral_qnn_confguard_gated_supcon,10,0,25,1.0,1.0,0.1590411864221096,0.06252231784164905,0.40851924419403074,0.296300345659256,0.99375,0.16996625773608684,0.93125,0.9312499999999999,0.9266666666666666,0.931077694235589,0.931077694235589
